CAS No.,英文名稱,中文名稱
100-01-6,p-Nitroaniline,對硝基苯胺
100-02-7,4-Nitrophenol,4-硝基苯酚
100-02-7,p-Nitrophenol,對硝基苯酚
100-09-4,p-Anisic acid,對茴香酸 (4-甲氧基苯甲酸)
100-09-4,p-Anisic acid,對茴香酸
100-11-8,4-Nitrobenzyl bromide,4-硝基溴化苄
100-21-0,Terephthalic acid,對苯二甲酸
100-39-0,Benzyl bromide,溴化苄 (苄基溴)
100-42-5,Styrene,苯乙烯
100-43-6,4-Vinylpyridine,4-乙烯基吡啶
100-46-9,Benzylamine,苄胺
100-47-0,Benzonitrile,苯甲腈
100-51-6,Benzyl alcohol,苯甲醇
100-52-7,Benzaldehyde,苯甲醛
100-53-8,Benzyl mercaptan,苄硫醇 (苯甲硫醇)
100-55-0,3-Pyridinemethanol,3-吡啶甲醇
100-58-3,Phenylmagnesium bromide,苯基溴化鎂
100-59-4,Phenylmagnesium chloride,苯基氯化鎂
100-63-0,Phenylhydrazine,苯肼
100-68-5,Thioanisole,苯甲硫醚 (硫代苯甲醚)
100-70-9,2-Cyanopyridine,2-氰基吡啶
100-73-2,Acrolein dimer,丙烯醛二聚體
10025-69-1,Tin(II) chloride dihydrate,氯化亞錫二水合物
10025-73-7,Chromium(III) chloride,氯化鉻(III)
10025-77-1,"Iron chloride, hexahydrate",氯化鐵六水合物
10025-78-2,Trichlorosilane,三氯矽烷
10025-84-0,Lanthanum(III) chloride heptahydrate,氯化鑭七水合物
10025-87-3,Phosphorus oxychloride,三氯氧磷 (氧氯化磷)
10025-98-7,Potassium tetrachloroplatinate(II),四氯鉑酸鉀
10025-99-7,Potassium tetrachloroplatinate,四氯鉑酸鉀
10026-04-7,Silicon tetrachloride,四氯化矽
10026-13-8,Phosphorus pentachloride,五氯化磷
10028-24-7,Disodium hydrogen phosphate dihydrate,磷酸氫二鈉二水合物
1003-09-4,2-Bromothiophene,2-溴噻吩
1003-67-4,4-Methylpyridine 1-oxide,4-甲基吡啶-N-氧化物
1003-78-7,Dimethyl sulfolane,二甲基環丁碸
10031-22-8,Lead(II) bromide,溴化鉛(II)
10031-22-8,Lead(II) bromide,溴化鉛
10031-43-3,Copper(II) nitrate trihydrate,硝酸銅三水合物
10034-85-2,Hydriodic acid,氫碘酸
10034-88-5,Sodium bisulfate monohydrate,硫酸氫鈉一水合物
10034-99-8,Magnesium sulfate heptahydrate,硫酸鎂七水合物
10035-06-0,Bismuth(III) nitrate pentahydrate,硝酸鉍五水合物
10035-10-6,Hydrogen bromide,溴化氫
10039-54-0,Hydroxylamine sulfate,硫酸羥胺
10039-56-2,Sodium hypophosphite monohydrate,次磷酸鈉一水合物
10039-56-2,"Phosphinic acid, sodium salt, monohydrate",次磷酸鈉一水合物
10043-52-4,Calcium chloride,氯化鈣
1006-94-6,Indol-5-yl methyl ether (5-Methoxyindole),5-甲氧基吲哚
101-54-2,"N-Phenyl-1,4-phenylenediamine","N-苯基-1,4-苯二胺"
101-54-2,4-Aminodiphenylamine,4-胺基二苯胺
101-55-3,4-Bromodiphenyl ether,4-溴二苯醚
101-70-2,"4,4'-Dimethoxydiphenylamine","4,4'-二甲氧基二苯胺"
101-81-5,Diphenylmethane,二苯甲烷
101-84-8,Diphenyl ether,二苯醚
10101-41-4,Calcium sulfate dihydrate (Gypsum),硫酸鈣二水合物 (石膏)
10101-63-0,Lead(II) iodide,碘化鉛(II)
10101-63-0,Lead(II) Iodide,碘化鉛
10101-89-0,Sodium phosphate tribasic dodecahydrate,磷酸鈉(三鹼)十二水合物
10102-45-1,Thallium(I) nitrate,硝酸鉈
10125-13-0,Copper(II) chloride dihydrate,氯化銅(II)二水合物
1013-88-3,Benzophenone imine,二苯甲酮亞胺
1013-94-7,Zinc iodide,碘化鋅
10139-47-6,Zinc iodide,碘化鋅
10160-24-4,7-Bromo-1-heptanol,7-溴-1-庚醇
10196-18-6,Zinc nitrate hexahydrate,硝酸鋅六水合物
102-52-3,"1,1,3,3-Tetramethoxypropane","1,1,3,3-四甲氧基丙烷"
102-54-5,Ferrocene,二鐵 (二環戊二烯鐵)
102-69-2,Tripropylamine,三丙胺
102-71-6,Triethanolamine,三乙醇胺
102-79-4,n-Butyldiethanolamine,N-丁基二乙醇胺
102-82-9,Tributylamine,三丁胺
102029-44-7,(R)-(+)-4-Benzyl-2-oxazolidinone,(R)-(+)-4-芐基-2-噁唑烷酮
10210-68-1,Cobalt carbonyl,羰基鈷 (八羰基二鈷)
10213-79-3,Sodium metasilicate pentahydrate,偏矽酸鈉五水合物
10217-52-4,Hydrazine hydrate,水合聯氨 (水合肼)
10236-14-3,Triethyl 4-phosphonocrotonate,4-膦酸巴豆酸三乙酯
10277-43-7,Lanthanum nitrate hexahydrate,硝酸鑭六水合物
10294-26-5,Silver sulfate,硫酸銀
10294-33-4,Boron tribromide,三溴化硼
10294-41-4,Cerium(III) nitrate hexahydrate,硝酸(III)六水合物
10294-70-9,Tin (II) iodide,碘化亞錫
103-11-7,2-Ethylhexyl acrylate,丙烯酸-2-乙基己酯
103-16-2,4-(Benzyloxy)phenol,4-苄氧基苯酚
103-45-7,2-Phenethyl acetate,乙酸-2-苯乙酯
103-80-0,Phenylacetyl chloride,苯乙醯氯
103213-32-7,Fmoc-Cys(Trt)-OH,Fmoc-S-三苯甲基-L-半胱胺酸
10332-33-9,Sodium perborate monohydrate,過硼酸鈉一水合物
10361-37-2,Barium chloride,氯化鋇
10377-51-2,Lithium iodide,碘化鋰
10387-40-3,Potassium thioacetate,硫代醋酸鉀 (硫代乙酸鉀)
103966-66-1,5-Bromo-2-nitroanisole,5-溴-2-硝基苯甲醚
104-15-4,p-Toluenesulfonic acid,對甲苯磺酸
104-51-8,Butylbenzene,丁基苯
104-55-2,Cinnamaldehyde,肉桂醛
104-75-6,2-Ethylhexylamine,2-乙基己胺
104-81-4,4-Methylbenzyl bromide,4-甲基苄基溴
104-85-8,p-Tolunitrile,對甲基苯甲腈
104-87-0,p-Tolualdehyde,對甲苯甲醛
104-88-1,4-Chlorobenzaldehyde,4-氯苯甲醛
104-92-7,4-Bromoanisole,4-溴苯甲醚
104-94-9,p-Anisidine,對-甲氧基苯胺 (對-胺基苯甲醚)
104-94-9,p-Anisidine,對甲氧基苯胺 (對茴香胺)
104-95-0,4-Bromothioanisole,4-溴硫苯甲醚
104-95-0,4-Bromothioanisole,4-溴苯硫醚
104-96-1,4-(Methylthio)aniline,4-(甲硫基)苯胺
10419-77-9,Diethyl iodomethylphosphonate,碘甲基膦酸二乙酯
10442-39-4,Tetrabutylammonium cyanide,四丁基氰化銨
10450-60-9,Periodic acid,過碘酸
10485-09-3,2-Bromoindene,2-溴茚
105-07-7,4-Cyanobenzaldehyde,4-氰基苯甲醛
105-56-6,Ethyl cyanoacetate,氰乙酸乙酯
105-67-9,"2,4-Dimethylphenol","2,4-二甲基苯酚"
10534-59-5,Tetrabutylammonium acetate,四丁基醋酸銨
106-02-5,Pentadecanolide,十五內酯
106-24-1,Geraniol,香葉醇 (牻牛兒醇)
106-37-6,"1,4-Dibromobenzene","1,4-二溴苯"
106-38-7,4-Bromotoluene,4-溴甲苯
106-39-8,1-Bromo-4-chlorobenzene,1-溴-4-氯苯
106-40-1,4-Bromoaniline,4-溴苯胺
106-41-2,4-Bromophenol,4-溴苯酚
106-42-3,p-Xylene,對二甲苯
106-44-5,p-Cresol,對甲酚
106-45-6,p-Thiocresol,對硫甲酚 (4-甲基苯硫酚)
106-46-7,"1,4-Dichlorobenzene","1,4-二氯苯"
106-50-3,p-Phenylenediamine,對苯二胺
106-51-4,Quinone,苯醌
106-53-6,4-Bromobenzenethiol,4-溴苯硫酚
106-93-4,"1,2-Dibromoethane","1,2-二溴乙烷"
106-94-5,1-Bromopropane,1-溴丙烷
106-95-6,Allyl bromide,烯丙基溴 (3-溴丙烯)
106-95-6,Allyl bromide,烯丙基溴
106-96-7,3-Bromopropyne,3-溴丙炔 (炔丙基溴)
1066-35-9,Dimethylchlorosilane,二甲基氯矽烷
1066-45-1,Trimethyltin chloride,三甲基氯化錫
1066-54-2,Trimethylsilylacetylene,三甲基矽乙炔
1068-55-9,Isopropylmagnesium chloride,異丙基氯化鎂
107-03-9,1-Propanethiol,1-丙硫醇
107-06-2,"1,2-Dichloroethane","1,2-二氯乙烷"
107-13-1,Acrylonitrile,丙烯腈
107-15-3,Ethylenediamine,乙二胺
107-16-4,Glycolonitrile,乙醇腈
107-19-7,Propargyl alcohol,炔丙醇 (2-丙炔-1-醇)
107-19-7,Propargyl alcohol,炔丙醇
107-21-1,Ethylene glycol,乙二醇
107-37-9,Allyltrichlorosilane,烯丙基三氯矽烷
107-46-0,Hexamethyldisiloxane,六甲基二矽氧烷
107-47-1,tert-Butyl sulfide,叔丁基硫醚
107-72-2,Pentyltrichlorosilane,戊基三氯矽烷
107-82-4,1-Bromo-3-methylbutane,1-溴-3-甲基丁烷
107-86-8,3-Methyl-2-butenal,3-甲基-2-丁烯醛
107-92-6,Butyric acid,丁酸
107-96-0,3-Mercaptopropionic acid,3-巰基丙酸
1072-85-1,1-Bromo-2-fluorobenzene,1-溴-2-氟苯
1072-85-1,2-Bromofluorobenzene,2-溴氟苯 (1-溴-2-氟苯)
1072-85-1,2-Bromofluorobenzene,2-溴氟苯
1072951-51-9,"3,4-Bis(methoxycarbonyl)phenylboronic acid","3,4-雙(甲氧羰基)苯硼酸"
1073-06-9,3-Bromofluorobenzene,3-溴氟苯
1074-24-4,"2,5-Dibromo-p-xylene","2,5-二溴對二甲苯"
1074-36-8,4-Mercaptobenzoic acid,4-巰基苯甲酸
1074-82-4,Phthalimide potassium salt,鄰苯二甲醯亞胺鉀
1075-49-6,p-Vinylbenzoic acid,對乙烯基苯甲酸
1077-16-3,n-Hexylbenzene,正己基苯
108-01-0,2-Dimethylaminoethanol,2-二甲胺基乙醇
108-12-3,Isovaleryl chloride,異戊醯氯
108-18-9,Diisopropylamine,二異丙胺
108-24-7,Acetic anhydride,醋酸酐 (乙酸酐)
108-24-7,Acetic anhydride,乙酸酐
108-30-5,Succinic anhydride,丁二酸酐
108-31-6,Maleic anhydride,馬來酸酐
108-32-7,Propylene carbonate,碳酸丙烯酯
108-36-1,"1,3-Dibromobenzene","1,3-二溴苯"
108-44-1,m-Toluidine,間-甲苯胺
108-45-2,m-Phenylenediamine,間苯二胺
108-46-3,Resorcinol,雷索辛 (間苯二酚)
108-53-2,Isocytosine,異胞嘧啶
108-64-5,Ethyl isovalerate,異戊酸乙酯
108-67-8,Mesitylene,均三甲苯
108-67-8,"1,3,5-Trimethylbenzene (Mesitylene)","1,3,5-三甲苯 (均三甲苯)"
108-68-9,"3,5-Dimethylphenol","3,5-二甲基苯酚"
108-75-8,"2,4,6-Trimethylpyridine (Collidine)","2,4,6-三甲基吡啶"
108-86-1,Bromobenzene,溴苯
108-88-3,Toluene,甲苯
108-89-4,4-Picoline,4-甲基吡啶
108-90-7,Chlorobenzene,氯苯
108-93-0,Cyclohexanol,環己醇
108-95-2,Phenol,苯酚
108-98-5,Thiophenol,苯硫酚
108-99-6,3-Methylpyridine,3-甲基吡啶
1080-32-6,Diethyl benzylphosphonate,苄基膦酸二乙酯
1080-74-6,3-(Dicyanomethylidene)indan-1-one,3-二氰亞甲基-1-茚酮
1081-34-1,"2,2':5',2''-Terthiophene","2,2':5',2''-三噻吩"
109-02-4,Methylmorpholine,N-甲基嗎啉
109-63-7,Boron trifluoride diethyl etherate,三氟化硼乙醚錯合物
109-63-7,Boron trifluoride etherate,三氟化硼乙醚錯合物
109-64-8,"1,3-Dibromopropane","1,3-二溴丙烷"
109-65-9,1-Bromobutane,1-溴丁烷
109-66-0,Pentane,戊烷
109-70-6,1-bromo-3-chloropropane,1-溴-3-氯丙烷
109-72-8,n-Butyllithium,正丁基鋰
109-72-8,Butyllithium,正丁基鋰
109-73-9,Butylamine,正丁胺
109-76-2,"1,3-Diaminopropane","1,3-丙二胺"
109-77-3,Malononitrile,丙二腈
109-87-5,Methylal,甲縮醛 (二甲氧基甲烷)
109-89-7,Diethylamine,二乙胺
109-99-9,Tetrahydrofuran (THF),四氫呋喃
109-99-9,Tetrahydrofuran,四氫呋喃 (THF)
110-00-9,Furan,呋喃
110-02-1,Thiophene,噻吩
110-15-6,Succinic acid,琥珀酸 (丁二酸)
110-17-8,Fumaric acid,富馬酸 (反丁烯二酸)
110-19-0,Isobutyl acetate,乙酸異丁酯
110-46-3,Amyl nitrite,亞硝酸戊酯
110-52-1,"1,4-Dibromobutane","1,4-二溴丁烷"
110-53-2,1-Bromopentane,1-溴戊烷
110-54-3,Hexane,正己烷
110-60-1,"1,4-Diaminobutane","1,4-二胺基丁烷 (腐胺)"
110-63-4,"1,4-Butanediol","1,4-丁二醇"
110-65-6,"1,4-Butynediol","1,4-丁炔二醇"
110-66-7,1-Pentanethiol,1-戊硫醇
110-71-4,"1,2-Dimethoxyethane","1,2-二甲氧基乙烷 (DME)"
110-82-7,Cyclohexane,環己烷
110-86-1,Pyridine,吡啶
110-87-2,"3,4-Dihydro-2H-pyran","3,4-二氫-2H-吡喃"
110-89-4,Piperidine,哌啶 (六氫吡啶)
110-89-4,Piperidine,哌啶
110046-60-1,"5-Bromo-2,2'-bithiophene-5'-carboxaldehyde","5-溴-2,2'-聯噻吩-5'-甲醛"
1107-00-2,"4,4'-(Hexafluoroisopropylidene)diphthalic anhydride (6FDA)","4,4'-(六氟異丙亞基)二鄰苯二甲酸酐"
111-14-8,Heptanoic acid,庚酸
111-16-0,Pimelic acid,庚二酸
111-24-0,"1,5-dibromopentane","1,5-二溴戊烷"
111-25-1,1-Bromohexane,1-溴己烷
111-26-2,Hexylamine,正己胺
111-30-8,Glutaraldehyde,戊二醛
111-31-9,1-Hexanethiol,1-己硫醇
111-40-0,Diethylenetriamine,二乙烯三胺
111-46-6,Di(ethylene glycol),二甘醇
111-65-9,Octane,辛烷
111-66-0,1-Octene,1-辛烯
111-83-1,1-Bromooctane,1-溴辛烷
111-87-5,1-Octanol,1-辛醇
111-88-6,1-Octanethiol,1-辛硫醇
1118-61-2,3-Aminocrotononitrile,3-胺基巴豆腈
1119-51-3,5-Bromo-1-pentene,5-溴-1-戊烯
1119-60-4,6-Heptenoic acid,6-庚烯酸
112-02-7,Trimethylhexadecylammonium chloride,十六烷基三甲基氯化銨
112-04-9,Octadecyltrichlorosilane (OTS),十八烷基三氯矽烷
112-04-9,Octadecyltrichlorosilane,十八烷基三氯矽烷 (OTS)
112-13-0,n-Dodecanoyl chloride (Lauroyl chloride),十二醯氯 (月桂醯氯)
112-13-0,n-Dodecanoyl chloride,月桂醯氯 (十二醯氯)
112-16-3,Lauroyl chloride,月桂醯氯 (十二醯氯)
112-29-8,1-Bromodecane,1-溴癸烷
112-31-2,Decanal,癸醛
112-35-6,Triethylene glycol monomethyl ether,三乙二醇單甲醚
112-38-9,Undecylenic acid,十一烯酸
112-47-0,"1,10-Decanediol","1,10-癸二醇"
112-53-8,1-Dodecanol,1-十二醇 (月桂醇)
112-55-0,1-Dodecanethiol,1-十二硫醇
112-60-7,Tetraethylene glycol,四乙二醇
112-61-8,Methyl stearate,硬脂酸甲酯
112-64-1,Myristoyl chloride,肉豆蔻醯氯
112-66-3,Dodecyl acetate,乙酸十二酯
112-67-4,Palmitoyl chloride,棕櫚醯氯 (十六醯氯)
112-67-4,Palmitoyl chloride,棕櫚醯氯
112-71-0,1-Bromotetradecane,1-溴十四烷
112-82-3,1-Bromohexadecane,1-溴十六烷
112-85-6,Behenic acid,山嵛酸 (二十二酸)
112-86-7,Erucic acid,芥酸
112-88-9,1-Octadecene,1-十八烯
112-89-0,1-Bromooctadecane,1-溴十八烷
112-90-3,Oleylamine,油胺
112-92-5,1-Octadecanol (Stearyl alcohol),1-十八醇 (硬脂醇)
1120-36-1,1-Tetradecene,1-十四烯
1122-10-7,"2,3-Dibromomaleimide","2,3-二溴馬來醯亞胺"
1122-58-3,4-Dimethylaminopyridine (DMAP),4-二甲胺基吡啶 (DMAP)
1122-58-3,4-Dimethylaminopyridine,4-二甲胺基吡啶 (DMAP)
1122-91-4,4-Bromobenzaldehyde,4-溴苯甲醛
1124-11-4,"2,3,5,6-Tetramethylpyrazine","2,3,5,6-四甲基吡嗪"
1129-28-8,Methyl 3-(bromomethyl)benzoate,3-(溴甲基)苯甲酸甲酯
112926-00-8,Silica gel 60,矽膠 60
112926-00-8,Silica gel (Orange),矽膠 (橘色變色矽膠)
112926-00-8,Silica gel,矽膠
112981-69-8,"3,5-Bis(trifluoromethyl)phenylmagnesium bromide","3,5-雙(三氟甲基)苯基溴化鎂"
1133-80-8,2-Bromofluorene,2-溴芴
1134-35-6,"4,4'-Dimethyl-2,2'-bipyridyl","4,4'-二甲基-2,2'-聯吡啶"
1141-38-4,"2,6-Naphthalenedicarboxylic acid","2,6-萘二甲酸"
115-18-4,2-Methyl-3-buten-2-ol,2-甲基-3-丁烯-2-醇
115-19-5,2-Methyl-3-butyn-2-ol,2-甲基-3-丁炔-2-醇
116-17-6,Triisopropyl phosphite,亞磷酸三異丙酯
116-53-0,2-Methylbutyric acid,2-甲基丁酸
117-08-8,Tetrachlorophthalic anhydride,四氯鄰苯二甲酸酐
117-34-0,Diphenylacetic acid,二苯乙酸
117344-32-8,"9,9-Bis[4-(2-hydroxyethoxy)phenyl]fluorene","9,9-雙[4-(2-羥乙氧基)苯基]芴"
118-12-7,"2-Methylene-1,3,3-trimethylindoline","2-亞甲基-1,3,3-三甲基吲哚啉"
118-48-9,"4H-3,1-Benzoxazine-2,4(1H)-dione",靛紅酸酐
118-65-0,(-)-Isocaryophyllene,(-)-異石竹烯
118-75-2,p-Chloranil,四氯對苯醌
118-92-3,Anthranilic acid,鄰胺基苯甲酸
1185-53-1,Trizma® hydrochloride (Tris HCl),Tris-HCl (三羥甲基胺基甲烷鹽酸鹽)
1186-10-3,Diethyl (3-bromopropyl)phosphonate,(3-溴丙基)膦酸二乙酯
1186-52-3,Acetic acid-d4,醋酸-d4 (乙酸-d4)
119-36-8,Methyl salicylate,水楊酸甲酯 (冬青油)
119-61-9,Benzophenone,二苯甲酮
119-67-5,2-Carboxybenzaldehyde,2-羧基苯甲醛
1191-15-7,Diisobutylaluminum hydride (DIBAL-H),氫化二異丁基鋁 (DIBAL-H)
1191-15-7,Diisobutylaluminum hydride,二異丁基氫化鋁 (DIBAL-H)
1191-43-1,"1,6-Hexanedithiol","1,6-己二硫醇"
1191-62-4,"1,8-Octanedithiol","1,8-辛二硫醇"
119171-18-5,1-Methyl-3-propylimidazolium iodide,1-甲基-3-丙基咪唑碘鹽
1193-02-8,4-Aminothiophenol,4-胺基苯硫酚
1194-02-1,4-Fluorobenzonitrile,4-氟苯甲腈
120-12-7,Anthracene,蒽
120-72-9,Indole,吲哚
120-80-9,Catechol,鄰苯二酚 (兒茶酚)
120-80-9,Pyrocatechol,鄰苯二酚 (兒茶酚)
120-80-9,"Catechol (1,2-Dihydroxybenzene)",鄰苯二酚 (兒茶酚)
120-82-1,"1,2,4-Trichlorobenzene","1,2,4-三氯苯"
1205-64-7,3-Methyldiphenylamine,3-甲基二苯胺
12069-69-1,Copper(II) carbonate basic,鹼式碳酸銅
121-43-7,Trimethyl borate,硼酸三甲酯
121-43-7,Trimethylborate,硼酸三甲酯
121-44-8,Triethylamine,三乙胺
121-45-9,Trimethylphosphite,亞磷酸三甲酯
1210-35-1,Dibenzosuberone,二苯并環庚酮
12125-01-8,Ammonium fluoride,氟化銨
12125-02-9,Ammonium chloride,氯化銨
12137-20-1,Titanium(II) oxide,一氧化鈦
12148-71-9,"(1,5-Cyclooctadiene)(methoxy)iridium(I) dimer","(1,5-環辛二烯)(甲氧基)銥(I)二聚體"
12150-46-8,"1,1'-Bis(diphenylphosphino)ferrocene (dppf)","1,1'-雙(二苯基膦)二鐵 (dppf)"
122-00-9,4'-Methylacetophenone,4'-甲基苯乙酮
122-39-4,Diphenylamine,二苯胺
122-51-0,Ethyl orthoformate (Triethyl orthoformate),原甲酸三乙酯
122-52-1,Triethyl phosphite,亞磷酸三乙酯
122-99-6,2-Phenoxyethanol,2-苯氧基乙醇
12209-98-2,Sodium tin(IV) oxide trihydrate (Sodium stannate),錫酸鈉三水合物
12230-71-6,Barium hydroxide octahydrate,氫氧化鋇八水合物
12257-42-0,Norbornadiene rhodium(I) chloride dimer,降冰片二烯氯化銠(I)二聚體
123-11-5,4-Methoxybenzaldehyde,4-甲氧基苯甲醛 (茴香醛)
123-30-8,4-Aminophenol,4-胺基苯酚
123-31-9,Hydroquinone,對苯二酚 (氫醌)
123-38-6,Propionaldehyde,丙醛
123-51-3,Isoamyl alcohol,異戊醇
123-75-1,Pyrrolidine,吡咯烷
123-82-0,2-Aminoheptane,2-胺基庚烷
123-91-1,"1,4-Dioxane","1,4-二氧六環 (1,4-二氧雜環己烷)"
123-91-1,"1,4-Dioxane","1,4-二氧六環"
123324-71-0,4-tert-Butylphenylboronic acid,4-叔丁基苯硼酸
123333-60-8,Cerium(IV) sulfate hydrate,硫酸鈰(IV)水合物
124-09-4,"1,6-Hexanediamine","1,6-己二胺"
124-18-5,Decane,正癸烷
124-19-6,Nonanal,壬醛
124-25-4,Tetradecanal,十四醛
124-30-1,1-Octadecanamine,十八胺
124-41-4,Sodium methoxide,甲醇鈉
124-41-4,Sodium methylate,甲醇鈉
124-64-1,Tetrakis(hydroxymethyl)phosphonium chloride (THPC),四羥甲基氯化磷 (THPC)
1256358-83-4,"2,5-Difluoro-1,4-phenylenediboronic acid","2,5-二氟-1,4-苯二硼酸"
1266615-59-1,MES hydrate,MES 水合物 (緩衝液)
127-08-2,Potassium acetate,醋酸鉀
127-09-3,Sodium acetate,醋酸鈉 (乙酸鈉)
127-09-3,Sodium acetate,醋酸鈉
127-09-3,Sodium acetate anhydrous,醋酸鈉 (乙酸鈉)
127-18-4,Tetrachloroethylene,四氯乙烯
127-19-5,"N,N-Dimethylacetamide (DMAc)","N,N-二甲基乙醯胺 (DMAc)"
127-19-5,"N,N-Dimethylacetamide (DMAc)","N,N-二甲基乙醯胺"
128-08-5,N-Bromosuccinimide (NBS),N-溴代丁二醯亞胺 (NBS)
128-09-6,N-Chlorosuccinimide (NCS),N-氯代丁二醯亞胺 (NCS)
128-09-6,N-Chlorosuccinimide,N-氯代琥珀醯亞胺 (NCS)
128-37-0,Butylated hydroxytoluene,丁基羥基甲苯 (BHT)
128-64-3,Isoviolanthrone,異維奧蒽酮 (異紫蒽酮)
128-69-8,"Perylene-3,4,9,10-tetracarboxylic dianhydride","苝-3,4,9,10-四甲酸二酐"
128-95-0,"1,4-Diaminoanthraquinone","1,4-二胺基蒽醌"
128625-52-5,PyBOP,(苯并三唑-1-基氧基)三吡咯烷基鏻六氟磷酸鹽
128796-39-4,4-(Trifluoromethyl)phenylboronic acid,4-(三氟甲基)苯硼酸
129-00-0,Pyrene,芘
129-44-2,"1,5-Diaminoanthraquinone","1,5-二胺基蒽醌"
1291-32-3,Bis(cyclopentadienyl)zirconium(IV) dichloride,二氯二茂鋯
1295502-53-2,"4,7-Dibromo-5,6-difluoro-2,1,3-benzothiadiazole","4,7-二溴-5,6-二氟-2,1,3-苯并噻二唑"
130-15-4,"1,4-Naphthoquinone","1,4-萘醌"
13019-22-2,9-Decen-1-ol,9-癸烯-1-醇
1305-62-0,Calcium hydroxide,氫氧化鈣 (熟石灰)
131-14-6,"2,6-Diaminoanthraquinone","2,6-二胺基蒽醌"
131-58-8,2-Methylbenzophenone,2-甲基二苯甲酮
131-91-9,1-Nitroso-2-naphthol,1-亞硝基-2-萘酚
1310-58-3,Potassium hydroxide,氫氧化鉀
1310-66-3,Lithium hydroxide monohydrate,氫氧化鋰一水合物
1310-73-2,Sodium hydroxide,氫氧化鈉
1310384-98-5,3-Ethoxythiophene-2-boronic acid pinacol ester,3-乙氧基噻吩-2-硼酸頻那醇酯
1310384-98-5,3-Methoxythiophene-2-boronic acid pinacol ester,3-甲氧基噻吩-2-硼酸頻那醇酯
131274-22-1,Tri-tert-butylphosphonium tetrafluoroborate,三-三級丁基磷四氟硼酸鹽
131276-24-9,"1,8-Dibromoanthracene","1,8-二溴蒽"
1313-13-9,Manganese dioxide,二氧化錳
1313-27-5,Molybdenum trioxide,三氧化鉬
1314-56-3,Phosphorus pentoxide,五氧化二磷
1314-62-1,Vanadium pentoxide,五氧化二釩
1314-80-3,Phosphorus pentasulfide,五硫化二磷
1317-39-1,Copper(I) oxide,氧化亞銅
132-65-0,Dibenzothiophene,二苯并噻吩
13209-15-9,"alpha,alpha,alpha',alpha'-Tetrabromo-o-xylene","α,α,α',α'-四溴鄰二甲苯"
1330-20-7,Xylenes,二甲苯 (混合物)
1330-20-7,Xylenes,二甲苯
13325-10-5,4-Amino-1-butanol,4-胺基-1-丁醇
1333-82-0,Chromium trioxide,三氧化鉻
1336-21-6,Ammonium hydroxide (Aqua Ammonia),氫氧化銨 (氨水)
1336-21-6,Ammonium hydroxide,氫氧化銨 (氨水)
13360-61-7,1-Pentadecene,1-十五烯
13395-16-9,Copper(II) acetylacetonate,乙醯丙酮銅(II)
134-03-2,Sodium L-ascorbate,L-抗壞血酸鈉 (維生素C鈉)
134-20-3,Methyl anthranilate,鄰氨基苯甲酸甲酯
13400-13-0,Cesium fluoride,氟化銫
13419-69-7,trans-2-Hexenoic acid,反式-2-己烯酸
1343-88-0,Florisil (Magnesium silicate),矽酸鎂 (弗羅里矽土)
1344-28-1,Aluminum oxide,氧化鋁
13446-18-9,Magnesium nitrate hexahydrate,硝酸鎂六水合物
13446-34-9,Manganese(II) chloride tetrahydrate,氯化錳四水合物
13453-07-1,Gold trichloride,三氯化金
13453-38-8,Thallium(III) nitrate,硝酸鉈(III)
13462-88-9,Nickel(II) bromide,溴化鎳(II)
13466-43-8,3-Bromo-2-hydroxypyridine,3-溴-2-羥基吡啶
13477-34-4,Calcium nitrate tetrahydrate,硝酸鈣四水合物
13478-00-7,Nickel(II) nitrate hexahydrate,硝酸鎳(II)六水合物
13478-10-9,Iron(II) chloride tetrahydrate,氯化亞鐵四水合物
135-19-3,2-Naphthol,2-萘酚
135-48-8,Pentacene,並五苯
135-67-1,Phenoxazine,吩噁嗪
13590-82-4,Cerium(IV) sulfate,硫酸鈰
135999-16-5,2-Bromo-3-methoxyphenol,2-溴-3-甲氧基苯酚
13610-02-1,Phenyl propargyl ether,苯基炔丙基醚
13633-25-5,1-Bromo-4-phenylbutane,1-溴-4-苯基丁烷
136630-39-2,"2,7-Dibromo-9H-carbazole","2,7-二溴咔唑"
13669-05-1,"1,4-Di(2-thienyl)-1,4-butanedione","1,4-二(2-噻吩基)-1,4-丁二酮"
13746-66-2,Potassium hexacyanoferrate(III),鐵氰化鉀 (赤血鹽)
13759-83-6,Samarium(III) nitrate hexahydrate,硝酸釤(III)六水合物
13822-56-5,(3-Aminopropyl)trimethoxysilane (APTMS),(3-胺基丙基)三甲氧基矽烷
13826-83-0,Ammonium fluoroborate,氟硼酸銨
138500-85-3,4-(Bromomethyl)phenylboronic acid pinacol ester,4-(溴甲基)苯硼酸頻那醇酯
138500-85-3,4-Bromomethylphenylboronic acid pinacol ester,4-溴甲基苯硼酸頻哪醇酯
138526-69-9,"1-Bromo-3,4,5-trifluorobenzene","1-溴-3,4,5-三氟苯"
138526-69-9,"5-Bromo-1,2,3-trifluorobenzene","5-溴-1,2,3-三氟苯"
13922-41-3,Naphthalene-1-boronic acid,1-萘硼酸
13965-03-2,Bis(triphenylphosphine)palladium(II) dichloride,雙(三苯基膦)二氯化鈀
140-29-4,Benzyl cyanide,苯乙腈
140-88-5,Ethyl acrylate,丙烯酸乙酯
140-89-6,Potassium ethyl xanthate,乙基黃原酸鉀
14024-18-1,Iron(III) acetylacetonate,乙醯丙酮鐵(III)
14044-65-6,Borane-Tetrahydrofuran complex,硼烷-四氫呋喃錯合物
14047-29-1,4-Carboxyphenylboronic acid,4-羧基苯硼酸
140681-55-6,Selectfluor (F-TEDA-BF4),選擇性氟試劑 (Selectfluor)
14075-53-7,Potassium fluoroborate,氟硼酸鉀
141-05-9,Diethyl maleate,馬來酸二乙酯 (順丁烯二酸二乙酯)
141-43-5,Ethanolamine,乙醇胺
141-52-6,Sodium ethoxide,乙醇鈉
141-57-1,Propyltrichlorosilane,丙基三氯矽烷
141-75-3,Butyryl chloride,丁醯氯
141-78-6,Ethyl acetate,乙酸乙酯
141-82-2,Malonic acid,丙二酸
141-86-6,"2,6-Diaminopyridine","2,6-二胺基吡啶"
14128-54-2,Lithium aluminum deuteride (LiAlD4),氘代氫化鋁鋰
142-04-1,Aniline hydrochloride,苯胺鹽酸鹽
142-25-6,"N,N,N'-Trimethylethylenediamine","N,N,N'-三甲基乙二胺"
142-45-0,Acetylenedicarboxylic acid,乙炔二甲酸 (丁炔二酸)
142-61-0,Hexanoyl chloride,己醯氯
142-62-1,Caproic acid,己酸
142-71-2,Copper(II) acetate,醋酸銅(II)
14220-64-5,Bis(benzonitrile)palladium(II) chloride,雙(苯甲腈)二氯化鈀
14221-01-3,Tetrakis(triphenylphosphine)palladium(0),四(三苯基膦)鈀(0)
14221-02-4,Tetrakis(triphenylphosphine)platinum(0),四(三苯基膦)鉑
14242-05-8,Silver perchlorate monohydrate,過氯酸銀一水合物
14267-92-6,5-Chloro-1-pentyne,5-氯-1-戊炔
14275-61-7,"trans-1,2-Bis(tri-n-butylstannyl)ethylene","反式-1,2-雙(三正丁基錫)乙烯"
143-07-7,Dodecanoic acid (Lauric acid),十二酸 (月桂酸)
143-07-7,Lauric acid,月桂酸 (十二酸)
143-08-8,1-Nonanol,1-壬醇
143-10-2,1-Decanethiol,1-癸硫醇
143-15-7,1-Bromododecane,1-溴十二烷
143-33-9,Sodium cyanide,氰化鈉
143418-49-9,"3,4,5-Trifluorophenylboronic acid","3,4,5-三氟苯硼酸"
14348-75-5,"2,7-Dibromo-9H-fluoren-9-one","2,7-二溴-9-芴酮"
14348-75-5,"2,7-Dibromo-9-fluorenone","2,7-二溴-9-芴酮"
143824-78-6,Fmoc-Trp(Boc)-OH,Fmoc-N-叔丁氧羰基-L-色胺酸
144-55-8,Sodium hydrogen carbonate,碳酸氫鈉 (小蘇打)
144026-79-9,Scandium(III) trifluoromethanesulfonate,三氟甲磺酸鈧(III)
144432-85-9,3-Chloro-4-fluorophenylboronic acid,3-氯-4-氟苯硼酸
14459-95-1,Potassium hexacyanoferrate(II) trihydrate,亞鐵氰化鉀三水合物
145240-28-4,4-Butylphenylboronic acid,4-丁基苯硼酸
1454-84-8,1-Nonadecanol,1-十九醇
1454-85-9,1-Heptadecanol,1-十七醇
1461-22-9,Tributyltin chloride,三丁基氯化錫
14647-23-5,"[1,2-Bis(diphenylphosphino)ethane]dichloronickel(II)","[1,2-雙(二苯基膦)乙烷]二氯化鎳"
1468-95-7,9-Anthracenemethanol,9-蒽甲醇
14691-88-4,4-Amino-TEMPO,"4-胺基-2,2,6,6-四甲基哌啶-1-氧基"
14694-95-2,Chlorotris(triphenylphosphine)rhodium(I),氯化三(三苯基膦)銠(I) (Wilkinson's catalyst)
14694-95-2,Chlorotris(triphenylphosphine)rhodium(I),三(三苯基膦)氯化銠 (威爾金森催化劑)
147-14-8,Copper phthalocyanine,酞菁銅 (CuPc)
147-85-3,L-Proline,L-脯胺酸
14753-51-6,"2,5-Dibromohydroquinone","2,5-二溴對苯二酚"
1477-42-5,2-Amino-4-methylbenzothiazole,2-胺基-4-甲基苯并噻唑
148-24-3,8-Hydroxyquinoline,8-羥基喹啉
14808-60-7,Sea Sand (Quartz),海砂
14866-33-2,Tetraoctylammonium bromide,四辛基溴化銨
14898-67-0,Ruthenium chloride n-Hydrate,氯化釕水合物
149-57-5,2-Ethylhexoic acid,2-乙基己酸 (異辛酸)
14901-07-6,beta-Ionone,β-紫羅蘭酮
1493-13-6,Trifluoromethanesulfonic acid,三氟甲磺酸
1493-13-6,Trifluoromethanesulphonic acid,三氟甲磺酸
14965-49-2,Methylammonium Iodide,甲基碘化銨 (MAI)
1499-10-1,"9,10-Diphenylanthracene","9,10-二苯基蒽"
14996-61-3,Iridium chloride Hydrate,氯化銥水合物
150-13-0,4-Aminobenzoic acid,4-胺基苯甲酸
150-76-5,4-Methoxyphenol,4-甲氧基苯酚
150-78-7,"1,4-Dimethoxybenzene","1,4-二甲氧基苯"
15014-25-2,Dibenzyl malonate,丙二酸二苄酯
1502-22-3,2-(1-Cyclohexenyl)cyclohexanone,2-(1-環己烯基)環己酮
15082-28-7,"2-(4-tert-Butylphenyl)-5-(4-biphenylyl)-1,3,4-oxadiazole","2-(4-叔丁基苯基)-5-(4-聯苯基)-1,3,4-噁二唑"
15082-28-7,"2-(4-tert-Butylphenyl)-5-(4-biphenylyl)-1,3,4-oxadiazole","2-(4-叔丁基苯基)-5-(4-聯苯基)-1,3,4-噁二唑 (PBD)"
151-21-3,Sodium dodecyl sulfate (SDS),十二烷基硫酸鈉 (SDS)
151-21-3,Sodium lauryl sulfate (SDS),十二烷基硫酸鈉 (SDS)
151169-75-4,"3,4-Dichlorophenylboronic acid","3,4-二氯苯硼酸"
15155-41-6,"4,7-Dibromo-2,1,3-benzothiadiazole","4,7-二溴-2,1,3-苯并噻二唑"
1518-16-7,"7,7,8,8-Tetracyanoquinodimethane","7,7,8,8-四氰基奎諾二甲烷 (TCNQ)"
15442-91-8,"1,2,4,5-Tetrakis(bromomethyl)benzene","1,2,4,5-四(溴甲基)苯"
15486-96-1,3-Bromopropionyl chloride,3-溴丙醯氯
15499-84-0,"4,4'-(9-Fluorenylidene)dianiline","4,4'-(9-芴亞基)二苯胺"
155090-83-8,PEDOT:PSS,"聚(3,4-乙烯二氧噻吩)-聚苯乙烯磺酸"
155906-10-8,"2-Bromo-1,3-difluoro-5-iodobenzene","2-溴-1,3-二氟-5-碘苯"
156-57-0,Cysteamine hydrochloride,半胱胺鹽酸鹽
156-87-6,3-Amino-1-propanol (Propanolamine),3-胺基-1-丙醇
15629-92-2,"[1,3-Bis(diphenylphosphino)propane]dichloronickel(II)","[1,3-雙(二苯基膦)丙烷]二氯化鎳(II)"
15630-89-4,Sodium percarbonate,過碳酸鈉
1565-80-6,(S)-(-)-2-Methylbutanol,(S)-(-)-2-甲基丁醇
156545-07-2,"3,5-Difluorophenylboronic acid","3,5-二氟苯硼酸"
15694-70-9,Nickel(II) formate dihydrate,甲酸鎳二水合物
1582-24-7,Pentafluorophenylboronic acid,五氟苯硼酸
15872-48-7,4-Hexadecyloxybenzoic acid,4-十六烷氧基苯甲酸
15894-04-9,4-Fluorobenzyl mercaptan,4-氟苄硫醇
1600-27-7,Mercury(II) acetate,醋酸汞(II)
16029-98-4,Iodotrimethylsilane,碘三甲基矽烷
1605-65-8,Bis(dimethylamido)phosphoric chloride,雙(二甲胺基)氯化磷
16069-36-6,Dicyclohexano-18-crown-6,二環己基-18-冠-6
16078-71-0,Ethyl 5-amino-1-phenyl-4-pyrazolecarboxylate,5-胺基-1-苯基-4-吡唑甲酸乙酯
1608-26-0,Hexamethylphosphorous triamide (HMPT),六甲基亞磷酸三醯胺
160976-02-3,"5-Bromo-1,3-difluoro-2-iodobenzene","5-溴-1,3-二氟-2-碘苯"
1611-56-9,11-Bromo-1-undecanol,11-溴-1-十一醇
161265-03-8,"4,5-Bis(diphenylphosphino)-9,9-dimethylxanthene (Xantphos)","4,5-雙(二苯基膦)-9,9-二甲基氧雜蒽 (Xantphos)"
16179-97-8,2-Pyridylacetic acid hydrochloride,2-吡啶乙酸鹽酸鹽
1625-91-8,"4,4'-Di-tert-butylbiphenyl","4,4'-二叔丁基聯苯"
162607-20-7,5-Methylthiophene-2-boronic acid,5-甲基噻吩-2-硼酸
16297-14-6,"4-Methyl-2,3,5,6-tetrafluoropyridine","4-甲基-2,3,5,6-四氟吡啶"
1631-25-0,N-Cyclohexylmaleimide,N-環己基馬來醯亞胺
163155-57-5,3-(p-Methoxyphenyl)propyltrichlorosilane,3-(對甲氧基苯基)丙基三氯矽烷
1639-09-4,1-Heptanethiol,1-庚硫醇
16420-13-6,Dimethylthiocarbamoyl chloride,二甲基硫代胺基甲醯氯
1643-19-2,Tetra-n-butylammonium bromide (TBAB),四丁基溴化銨 (TBAB)
1643-19-2,Tetrabutylammonium bromide (TBAB),四丁基溴化銨 (TBAB)
16448-28-5,Copper(II) sulfate pentahydrate,硫酸銅五水合物
16454-60-7,Neodymium(III) nitrate hexahydrate,硝酸釹(III)六水合物
166281-37-4,"2-Bromo-4,5-difluorophenol","2-溴-4,5-二氟苯酚"
166330-10-5,Bis[(2-diphenylphosphino)phenyl] ether (DPEphos),雙[(2-二苯基膦)苯基]醚
1668-10-6,Glycinamide hydrochloride,甘胺醯胺鹽酸鹽
1671-87-0,"3,6-Di-2-pyridyl-1,2,4,5-tetrazine","3,6-二(2-吡啶基)-1,2,4,5-四嗪"
16731-55-8,Potassium metabisulfite,焦亞硫酸鉀 (偏亞硫酸氫鉀)
16731-68-3,2-Undecyl-1H-imidazole,2-十一烷基咪唑
1676-73-9,L-Glutamic acid gamma-benzyl ester,L-麩胺酸-γ-苄酯
16774-21-3,Cerium ammonium nitrate (CAN),硝酸鈰銨 (CAN)
1679-18-1,4-Chlorophenylboronic acid,4-氯苯硼酸
168267-41-2,"3,4-Difluorophenylboronic acid","3,4-二氟苯硼酸"
16839-97-7,2-Methoxythiophene,2-甲氧基噻吩
16853-85-3,Lithium aluminum hydride (LAH),氫化鋁鋰 (LAH)
16853-85-3,Lithium aluminum hydride,氫化鋁鋰 (LAH)
16872-11-0,Tetrafluoroboric acid,四氟硼酸
16872-11-0,Fluoroboric acid,氟硼酸
1692-15-5,4-Pyridinylboronic acid,4-吡啶硼酸
1692-15-5,Pyridine-4-boronic acid,吡啶-4-硼酸
1692-25-7,Pyridine-3-boronic acid,吡啶-3-硼酸
1693-74-9,Tetrahydrofuran-d8,四氫呋喃-d8
16940-66-2,Sodium borohydride,硼氫化鈉
16941-11-0,Ammonium hexafluorophosphate,六氟磷酸銨
16949-15-8,Lithium borohydride,硼氫化鋰
16961-25-4,Hydrogen tetrachloroaurate(III) hydrate,四氯金酸 (氯金酸)
16961-25-4,Gold(III) chloride trihydrate (Hydrogen tetrachloroaurate),氯金酸三水合物
16961-25-4,Gold(III) chloride trihydrate,氯金酸三水合物
16962-40-6,Ammonium hexafluorotitanate,六氟鈦酸銨
16974-11-1,(Z)-9-Dodecenyl acetate,(Z)-9-十二烯乙酸酯
17046-22-9,Butyl isocyanatoacetate,異氰酸乙酸丁酯
17201-43-3,4-(Bromomethyl)benzonitrile,4-(溴甲基)苯甲腈
17252-51-6,"4,4'-Trimethylenedipyridine","4,4'-三亞甲基二吡啶 (1,3-雙(4-吡啶基)丙烷)"
1730-04-7,"1,8-Diiodonaphthalene","1,8-二碘萘"
1730-91-2,(S)-(+)-2-Methylbutyric acid,(S)-(+)-2-甲基丁酸
174501-64-5,1-Butyl-3-methylimidazolium hexafluorophosphate,1-丁基-3-甲基咪唑六氟磷酸鹽
17455-13-9,18-Crown-6,18-冠-6 (18-冠醚-6)
1746-03-8,Vinylphosphonic acid,乙烯基膦酸
17476-04-9,Lithium aluminum tri-tert-butoxyhydride,三叔丁氧基氫化鋁鋰
1758-68-5,"1,2-Diaminoanthraquinone","1,2-二胺基蒽醌"
17598-02-6,Precocene I,早熟素 I
17631-68-4,Europium,銪
1765-40-8,(Bromomethyl)pentafluorobenzene,(溴甲基)五氟苯
1765-93-1,4-Fluorophenylboronic acid,4-氟苯硼酸
17696-11-6,8-Bromooctanoic acid,8-溴辛酸
17927-72-9,Titanium diisopropoxide bis(acetylacetonate),二異丙氧基雙(乙醯丙酮)鈦
17933-03-8,m-Tolylboronic acid,間甲基苯硼酸
18013-97-3,"Diethyl 2,5-dibromoterephthalate","2,5-二溴對苯二甲酸二乙酯"
1809288-95-6,"N1,N2-Bis(4-hydroxy-2,6-dimethylphenyl)oxalamide","N1,N2-雙(4-羥基-2,6-二甲基苯基)草醯胺"
181219-01-2,Pyridine-4-boronic acid pinacol ester,吡啶-4-硼酸頻那醇酯
18172-67-3,(-)-beta-Pinene,(-)-β-蒎烯
1822-51-1,4-Picolyl chloride hydrochloride,4-吡啶甲基氯鹽酸鹽
18226-42-1,"1,3,5-Tris(bromomethyl)benzene","1,3,5-三(溴甲基)苯"
18383-58-9,trans-Chrysanthemyl alcohol,反式菊醇
18435-45-5,1-Nonadecene,1-十九烯
18485-38-6,"2,4-Dodecadien-1-ol","2,4-十二碳二烯-1-醇"
1849-36-1,4-Nitrothiophenol,4-硝基苯硫酚
1852-04-6,Undecanedioic acid,十一烷二酸
18618-55-8,Cerium(III) chloride heptahydrate,氯化(III)七水合物
18698-97-0,2-Bromophenylacetic acid,2-溴苯乙酸
1878-68-8,4-Bromophenylacetic acid,4-溴苯乙酸
1883-09-6,"L-2,4-Diaminobutyric acid dihydrochloride","L-2,4-二胺基丁酸二鹽酸鹽"
1885-14-9,Phenyl chloroformate,氯甲酸苯酯
18880-00-7,4-tert-Butylbenzyl bromide,4-叔丁基溴化苄
18908-66-2,2-Ethylhexyl bromide,2-乙基溴己烷 (溴化-2-乙基己基)
18908-66-2,2-Ethylhexyl bromide,2-乙基溴己烷
1892-57-5,1-Ethyl-3-(3-dimethylaminopropyl)carbodiimide (EDC),1-乙基-3-(3-二甲胺基丙基)碳二亞胺 (EDC)
1892-57-5,1-(3-Dimethylaminopropyl)-3-ethylcarbodiimide,1-(3-二甲胺基丙基)-3-乙基碳二亞胺 (EDC)
18959-30-3,"4,5-Difluorophthalic anhydride","4,5-二氟鄰苯二甲酸酐"
1897-52-5,"2,6-Difluorobenzonitrile","2,6-二氟苯甲腈"
1898-66-4,"2,2-Diphenyl-1-picrylhydrazyl (DPPH)","2,2-二苯基-1-苦味基肼 (DPPH)"
19004-19-4,Copper(II) nitrate hemipentahydrate,硝酸銅半五水合物
19064-24-5,"2,6-Difluoronitrobenzene","2,6-二氟硝基苯"
191-07-1,Coronene,暈苯 (六苯并苯)
1915-42-0,"4,4'-Dipyridylamine","4,4'-二吡啶胺"
19172-47-5,Lawesson's Reagent,勞森試劑
1923-70-2,Tetrabutylammonium perchlorate,過氯酸四丁基銨
19230-28-5,"1,3-Dichloro-2-iodobenzene","1,3-二氯-2-碘苯"
19524-06-2,4-Bromopyridine hydrochloride,4-溴吡啶鹽酸鹽
19598-90-4,Gadolinium(III) nitrate,硝酸釓(III)
1972-28-7,Diethyl azodicarboxylate,偶氮二甲酸二乙酯 (DEAD)
2002-24-6,Ethanolamine hydrochloride,乙醇胺鹽酸鹽
20039-37-6,Pyridinium dichromate,重鉻酸吡啶鹽 (PDC)
2009-83-8,6-Chlorohexan-1-ol,6-氯-1-己醇
201058-08-4,Wang resin,Wang 樹脂
20248-86-6,"4,4'-Bis(bromomethyl)biphenyl","4,4'-雙(溴甲基)聯苯"
20291-61-6,n-Heptyl Methyl Sulfide,甲基庚基硫醚
2033-24-1,Isopropylidene malonate,亞異丙基丙二酸 (麥氏酸)
203302-95-8,"4-Bromo-3,5-difluoroaniline","4-溴-3,5-二氟苯胺"
2039-82-9,4-Bromostyrene,4-溴史泰烯 (4-溴苯乙烯)
2040-89-3,2-Bromo-6-fluorophenol,2-溴-6-氟苯酚
2043-53-0,"1H,1H,2H,2H-Perfluorodecyl iodide","1H,1H,2H,2H-全氟碘代癸烷"
2043-53-0,"1-Iodo-1H,1H,2H,2H-perfluorodecane","1H,1H,2H,2H-全氟碘代癸烷"
20440-93-1,Tris(4-nitrophenyl)amine,三(4-硝基苯基)胺
20469-65-2,"1-Bromo-3,5-dimethoxybenzene","1-溴-3,5-二甲氧基苯"
2050-77-3,1-Iododecane,1-碘癸烷
2052-07-5,2-Bromobiphenyl,2-溴聯苯
20667-12-3,Silver(I) oxide,氧化銀(I)
20667-12-3,Silver(I) oxide,氧化銀
20694-39-7,Manganese(II) nitrate,硝酸錳(II)
20711-10-8,(Z)-11-Tetradecen-1-yl acetate,(Z)-11-十四烯-1-醇乙酸酯
207347-46-4,N719 Dye (Ruthenium dye),N719 染料 (DSSC材料)
207347-46-4,N719,N719 染料
207683-19-0,Sodium hydrosulfide hydrate,硫氫化鈉水合物
207739-72-8,Spiro-OMeTAD,Spiro-OMeTAD (OLED材料)
207739-72-8,Spiro-MeOTAD,Spiro-MeOTAD
207742-50-5,"3,3'-Dibromo-5,5'-bis(trimethylsilyl)-2,2'-bithiophene","3,3'-二溴-5,5'-雙(三甲基矽基)-2,2'-聯噻吩"
20816-12-0,Osmium tetroxide,四氧化鋨
2113-57-7,3-Bromobiphenyl,3-溴聯苯
2117-12-6,4-Trimethylsilyl-3-butyn-1-ol,4-三甲基矽基-3-丁炔-1-醇
2127-03-9,"2,2'-Dipyridyl disulfide","2,2'-二吡啶二硫醚"
2142-69-0,2'-Bromoacetophenone,2'-溴苯乙酮
217-19-6,"Naphtho[1,2-b:5,6-b']dithiophene","萘并[1,2-b:5,6-b']二噻吩"
217-59-4,Triphenylene,"三亞苯 (苯并[9,10]菲)"
217-59-4,Triphenylene,三亞苯
2175-91-9,"6,6-Dimethylfulvene","6,6-二甲基富烯"
2181-42-1,Trimethylsulfonium iodide,三甲基碘化硫
2181-42-2,Trimethylsulfonium iodide,三甲基碘化硫
2189-60-8,Octylbenzene,辛基苯
21908-53-2,Mercuric oxide (Red),氧化汞(II) (紅)
21970-15-0,Pyridin-4-ylmagnesium bromide,吡啶-4-基溴化鎂
220141-72-0,"3,4,5-Trifluorobenzyl bromide","3,4,5-三氟苄基溴"
2206-26-0,Acetonitrile-d3,乙腈-d3
2206-27-1,Dimethyl sulfoxide-d6 (DMSO-d6),二甲基亞碸-d6
2216-94-6,Ethyl phenylpropiolate,苯丙炔酸乙酯
2222-33-5,Dibenzosuberenone,二苯并環庚烯酮
2243-62-1,"1,5-Diaminonaphthalene","1,5-二胺基萘"
2243-98-3,1-Undecyne,1-十一炔
22445-41-6,5-Iodo-m-xylene,5-碘間二甲苯
22445-41-6,"1-Iodo-3,5-dimethylbenzene","1-碘-3,5-二甲苯"
2245-53-6,2-[4-(Carboxymethoxy)phenoxy]acetic acid,"對苯二氧乙酸 (氫醌-O,O'-二乙酸)"
22722-98-1,Sodium bis(2-methoxyethoxy)aluminum hydride (Red-Al),紅鋁 (雙(2-甲氧基乙氧基)鋁氫化鈉)
22722-98-1,Sodium bis(2-methoxyethoxy)aluminium hydride,雙(2-甲氧基乙氧基)氫化鋁鈉 (紅鋁)
22750-57-8,Cesium azide,疊氮化銫
22809-37-6,6-Bromohexanoyl chloride,6-溴己醯氯
2304-30-5,Tetrabutylphosphonium chloride,氯化四丁基磷
2357-52-0,4-Bromo-2-fluoroanisole,4-溴-2-氟苯甲醚
2359-09-3,5-tert-Butylisophthalic acid,5-叔丁基間苯二甲酸
23703-22-2,1-Bromo-4-hexylbenzene,1-溴-4-己基苯
23783-42-8,Tetraethylene glycol monomethyl ether,四乙二醇單甲醚
23911-25-3,Ethylenediaminetetraacetic dianhydride,乙二胺四乙酸二酐 (EDTA二酐)
2398-37-0,3-Bromoanisole,3-溴苯甲醚
2404-35-5,Cycloheptyl bromide,溴環庚烷
24067-17-2,4-Nitrobenzeneboronic acid,4-硝基苯硼酸
2417-90-5,3-Bromopropionitrile,3-溴丙腈
24305-56-4,4-Dodecylresorcinol,4-十二烷基間苯二酚
2432-99-7,11-Aminoundecanoic acid,11-胺基十一酸
2437-56-1,1-Tridecene,1-十三烯
24388-23-6,Phenylboronic acid pinacol ester,苯硼酸頻那醇酯
244205-40-1,2-Bromophenylboronic acid,2-溴苯硼酸
24424-99-5,Di-tert-butyl dicarbonate (Boc anhydride),二-三級丁基焦碳酸酯 (Boc酸酐)
2456-81-7,4-(1-Pyrrolidinyl)pyridine,4-(1-吡咯烷基)吡啶
24596-19-8,"4-Bromo-2,6-diethylaniline","4-溴-2,6-二乙基苯胺"
247940-06-3,2-(Dicyclohexylphosphino)biphenyl,2-(二環己基膦)聯苯
247940-06-3,CyJohnPhos,CyJohnPhos (配體)
24801-88-5,(3-Isocyanatopropyl)triethoxysilane,(3-異氰酸基丙基)三乙氧基矽烷
24850-33-7,Allyltributyltin,烯丙基三丁基錫
2491-20-5,L-Alanine methyl ester hydrochloride,L-丙胺酸甲酯鹽酸鹽
24932-48-7,"4,5-Dibromo-o-xylene","4,5-二溴鄰二甲苯"
24937-79-9,Poly(vinylidene fluoride) (PVDF),聚偏二氟乙烯 (PVDF)
24979-70-2,Poly(4-vinylphenol),聚(4-乙烯基苯酚)
24991-55-7,Poly(ethylene glycol) dimethyl ether,聚乙二醇二甲醚
25013-16-5,Butylated hydroxyanisole (BHA),丁基羥基甲氧苯 (BHA)
25067-59-8,Poly(9-vinylcarbazole),聚(9-乙烯基咔唑) (PVK)
251-41-2,"Thieno[3,2-b]thiophene","噻吩并[3,2-b]噻吩"
2530-83-8,(3-Glycidyloxypropyl)trimethoxysilane,(3-縮水甘油氧基丙基)三甲氧基矽烷
25322-68-3,Poly(ethylene glycol) (PEG),聚乙二醇 (PEG)
25322-69-4,Poly(propylene glycol) (PPG),聚丙二醇 (PPG)
2536-91-6,6-Methylbenzothiazol-2-ylamine,2-胺基-6-甲基苯并噻唑
2537-48-6,Diethyl cyanomethylphosphonate,氰甲基膦酸二乙酯
25429-23-6,"1,2-Dibromoethene (mixed isomers)","1,2-二溴乙烯 (混合異構物)"
2550-02-9,N-Propyltriethoxysilane,正丙基三乙氧基矽烷
2550-06-3,(3-Chloropropyl)trichlorosilane,(3-氯丙基)三氯矽烷
2554-06-5,"2,4,6,8-Tetramethyl-2,4,6,8-tetravinylcyclotetrasiloxane",四甲基四乙烯基環四矽氧烷
2579-22-8,Phenylpropiolaldehyde,苯丙炔醛
25796-77-4,"4H-Cyclopenta[2,1-b:3,4-b']dithiophen-4-one","4H-環戊[2,1-b:3,4-b']二噻吩-4-酮"
2586-62-1,1-Bromo-2-methylnaphthalene,1-溴-2-甲基萘
25895-60-7,Sodium cyanoborohydride,氰基硼氫化鈉
25905-14-0,Lavandulyl Acetate,乙酸薰衣草酯
2591-86-8,1-Formylpiperidine,1-甲醯基哌啶
2592-95-2,"1H-Benzo[d][1,2,3]triazol-1-ol (HOBt)",1-羥基苯并三唑 (HOBt)
25952-53-8,1-(3-Dimethylaminopropyl)-3-ethylcarbodiimide hydrochloride,1-(3-二甲胺基丙基)-3-乙基碳二亞胺鹽酸鹽 (EDC HCl)
25987-06-8,Polyethylenimine,聚乙烯亞胺 (PEI)
26023-84-7,Chloroplatinic acid hydrate,氯鉑酸水合物
26186-00-5,1-Heptadecyne,1-十七炔
26186-02-7,1-Tridecyne,1-十三炔
262-05-5,10H-Phenoselenazine,10H-吩硒嗪
2622-14-2,Tricyclohexylphosphine,三環己基膦
2627-86-3,(S)-(-)-alpha-Methylbenzylamine,(S)-(-)-α-甲基苄胺
2629-72-3,4-Pyridinepropanol,4-吡啶丙醇
26348-70-9,L-Lysine methyl ester dihydrochloride,L-離胺酸甲酯二鹽酸鹽
2635-13-4,"5-Bromobenzo-1,3-dioxole","5-溴-1,3-苯并戴奧辛"
2637-34-5,2-Mercaptopyridine,2-巰基吡啶
26628-22-8,Sodium azide,疊氮化鈉
2674-34-2,"1,4-Dibromo-2,5-dimethoxybenzene","1,4-二溴-2,5-二甲氧基苯"
26798-33-4,(4-Nitrobenzyl)mercaptan,4-硝基苄硫醇
2690-08-6,Dioctyl sulfide,二辛基硫醚
27176-10-9,Potassium phosphate tribasic monohydrate,磷酸鉀(三鹼)一水合物 (註：此CAS常指DBSA，請核對)
273-13-2,"2,1,3-Benzothiadiazole","2,1,3-苯并噻二唑"
27329-70-0,(5-Formylfuran-2-yl)boronic acid,5-甲醛基-2-呋喃硼酸
2739-97-1,2-Pyridineacetonitrile,2-吡啶乙腈
274-07-7,Catecholborane,兒茶酚硼烷
274-09-9,"1,3-Benzodioxole","1,3-苯并戴奧辛 (胡椒環)"
2751-90-8,Tetraphenylphosphonium bromide,四苯基溴化鏻
27610-45-3,Sodium sulfide hydrate,硫化鈉水合物
277-65-3,10-Undecynoic acid,10-十一炔酸
2774-84-7,10-Undecyn-1-ol,10-十一炔-1-醇
2778-42-9,"1,3-Bis(1-isocyanato-1-methylethyl)benzene (TMXDI)","1,3-雙(1-異氰酸基-1-甲基乙基)苯"
27783-46-2,Lead(II) fluoride,氟化鉛(II)
2783-17-7,"1,12-Diaminododecane","1,12-十二烷二胺"
280-57-9,Triethylenediamine,三乙烯二胺 (DABCO)
28165-49-3,2-Bromo-6-methoxyphenol,2-溴-6-甲氧基苯酚
28177-48-2,"2,6-Difluorophenol","2,6-二氟苯酚"
2834-05-1,11-Bromoundecanoic acid,11-溴十一酸
28356-58-3,4-Pyridylacetic acid,4-吡啶乙酸
2857-97-8,Bromotrimethylsilane,溴三甲基矽烷
2857-97-8,Trimethylbromosilane,三甲基溴矽烷
2859-78-1,4-Bromoveratrole,"4-溴黎蘆醚 (4-溴-1,2-二甲氧基苯)"
288-32-4,Imidazole,咪唑
2885-00-9,1-Octadecanethiol,1-十八烷硫醇
2885-00-9,1-Octadecanethiol,1-十八硫醇
2917-26-2,1-Hexadecanethiol,1-十六硫醇
2923-18-4,Sodium trifluoroacetate,三氟乙酸鈉
2923-28-6,Silver trifluoromethanesulfonate,三氟甲磺酸銀
2926-29-6,Sodium triflinate (Sodium trifluoromethanesulfinate),三氟甲亞磺酸鈉
29504-81-2,2-Bromo-5-iodothiophene,2-溴-5-碘噻吩
2969-81-5,Ethyl 4-bromobutyrate,4-溴丁酸乙酯
29804-22-6,"cis-7,8-Epoxy-2-methyloctadecane","順-7,8-環氧-2-甲基十八烷"
29858-07-9,Magnesium bromide ethyl etherate,溴化鎂乙醚錯合物
300-85-6,3-Hydroxybutyric acid,3-羥基丁酸
3001-15-8,"4,4'-Diiodobiphenyl","4,4'-二碘聯苯"
302-17-0,Chloral hydrate,水合氯醛
30272-74-3,"3,7-Dihydrobenzo[1,2-b:4,5-b']difuran-2,6-dione","3,7-二氫苯并[1,2-b:4,5-b']二呋喃-2,6-二酮"
3029-19-4,1-Pyrenecarboxaldehyde,1-芘甲醛
3029-32-1,"6,13-Pentacenequinone","6,13-並五苯醌"
304680-35-1,1-Hexyl-3-methylimidazolium Hexafluorophosphate,1-己基-3-甲基咪唑六氟磷酸鹽
30515-28-7,7-Bromoheptanoic acid,7-溴庚酸
30525-89-4,Paraformaldehyde,多聚甲醛
30562-09-5,"cis-9, trans-11-Tetradecadienyl acetate","順-9,反-11-十四碳二烯乙酸酯"
3058-39-7,4-Iodobenzonitrile,4-碘苯甲腈
3068-76-6,N-[3-(Trimethoxysilyl)propyl]aniline,N-[3-(三甲氧基矽基)丙基]苯胺
3069-40-7,Trimethoxy(octyl)silane,三甲氧基辛基矽烷
307-55-1,Tricosafluorododecanoic acid,全氟十二酸
307-60-8,Perfluorododecyl iodide,全氟十二烷基碘
30964-00-2,6-Heptynoic acid,6-庚炔酸
3109-63-5,Tetra-n-butylammonium hexafluorophosphate,六氟磷酸四丁基銨
3109-63-5,Tetrabutylammonium hexafluorophosphate,六氟磷酸四丁基銨
311-28-4,Tetrabutylammonium iodide,四丁基碘化銨
311-28-4,Tetra-n-butylammonium iodide,四丁基碘化銨 (TBAI)
3115-68-2,Tetrabutylphosphonium bromide,溴化四丁基磷 (註：原清單缺陰離子，依CAS補齊)
31181-90-5,5-Bromopyridine-2-carbaldehyde,5-溴吡啶-2-甲醛
3132-99-8,3-Bromobenzaldehyde,3-溴苯甲醛
3140-93-0,"2,3-Dibromothiophene","2,3-二溴噻吩"
3141-26-2,"3,4-Dibromothiophene","3,4-二溴噻吩"
3141-27-3,"2,5-Dibromothiophene","2,5-二溴噻吩"
31486-86-9,"Thieno[3,2-b]thiophene-2-carboxaldehyde","噻吩并[3,2-b]噻吩-2-甲醛"
31551-45-8,"2,7-Dinitro-9-fluorenone","2,7-二硝基-9-芴酮"
31599-61-8,4-Iodo-o-xylene,4-碘鄰二甲苯
3163-76-6,"1,3,5-Benzenetricarboxaldehyde","1,3,5-苯三甲醛"
32005-36-0,Bis(dibenzylideneacetone)palladium(0),雙(二亞苄基丙酮)鈀(0)
3218-36-8,p-Phenylbenzaldehyde,4-聯苯甲醛
3222-48-8,6-Methylpyridine-3-carbonitrile,6-甲基吡啶-3-甲腈
32247-96-4,"3,5-Bis(trifluoromethyl)bromobenzene","3,5-雙(三氟甲基)溴苯"
32247-96-4,"3,5-Bis(trifluoromethyl)benzyl bromide","3,5-雙(三氟甲基)苄基溴"
32315-10-9,Triphosgene,三光氣 (固體光氣)
32316-92-0,2-Naphthaleneboronic acid,2-萘硼酸
32316-92-0,Naphthalene-2-boronic acid,2-萘硼酸
3236-71-3,"9,9-Bis(4-hydroxyphenyl)fluorene","9,9-雙(4-羥基苯基)芴"
3236-71-3,"4,4'-(9-Fluorenylidene)diphenol","4,4'-(9-芴亞基)二苯酚"
3240-34-4,Iodosobenzene diacetate,二乙酸碘苯 (PIDA)
3268-49-3,3-Methylthiopropanaldehyde,3-甲硫基丙醛
327-51-5,"1,4-Dibromo-2,5-difluorobenzene","1,4-二溴-2,5-二氟苯"
3282-73-3,Didodecyldimethylammonium bromide,雙十二烷基二甲基溴化銨 (DDAB)
32993-05-8,Chloro(cyclopentadienyl)bis(triphenylphosphine)ruthenium(II),氯(環戊二烯)雙(三苯基膦)釕(II)
3317-67-7,Cobalt(II) phthalocyanine,酞菁鈷
333-20-0,Potassium thiocyanate,硫氰酸鉀
333-47-1,4-Bromophenyl trifluoromethyl sulfide,4-溴苯基三氟甲基硫醚
3344-70-5,"1,12-Dibromododecane","1,12-二溴十二烷"
335-67-1,Perfluorooctanoic acid,全氟辛酸 (PFOA)
3350-78-5,"3,3-Dimethylacryloyl chloride","3,3-二甲基丙烯醯氯"
33524-31-1,"2,5-Dimethoxybenzyl alcohol","2,5-二甲氧基苯甲醇"
33685-54-0,"1,1,2,2-Tetrachloroethane-d2","1,1,2,2-四氯乙烷-d2"
33725-74-5,Tetrabutylammonium borohydride,硼氫化四丁基銨
3375-31-3,Palladium(II) acetate,醋酸鈀(II)
3375-31-3,Palladium(II) acetate,醋酸鈀
3385-94-2,Hexamethyldisilathiane,六甲基二矽硫烷
3396-17-6,"1,2-dicyanocyclobutane","1,2-二氰基環丁烷"
34010-21-4,(Z)-11-Hexadecenyl acetate,(Z)-11-十六烯乙酸酯
34202-69-2,Hexafluoroacetone trihydrate,六氟丙酮三水合物
344-03-6,"1,4-Dibromotetrafluorobenzene","1,4-二溴四氟苯"
344-04-0,Bromopentafluorobenzene,溴五氟苯
344-04-7,Bromopentafluorobenzene,溴五氟苯
34402-78-3,4-Methylpyrrole-2-carboxylic acid methyl ester,4-甲基吡咯-2-甲酸甲酯
34451-26-8,"1H,1H,2H,2H-Perfluorodecanethiol","1H,1H,2H,2H-全氟癸硫醇"
3449-28-3,Dibutyldichlorosilane,二丁基二氯矽烷
345-83-5,4-Fluorobenzophenone,4-氟二苯甲酮
3452-07-1,1-Eicosene,1-二十烯
3452-09-3,1-Nonyne,1-壬炔
34590-94-8,Di(propylene glycol) methyl ether,二丙二醇甲醚
34598-49-7,5-Bromo-1-indanone,5-溴-1-茚酮
3460-18-2,"1,4-Dibromo-2-nitrobenzene","1,4-二溴-2-硝基苯"
3460-24-0,"1-Chloro-2,5-dibromobenzene","1-氯-2,5-二溴苯"
34699-28-0,"1-(4-Bromophenyl)-1,2,2-triphenylethylene","1-(4-溴苯基)-1,2,2-三苯基乙烯"
3473-63-0,Formamidine acetate,甲脒醋酸鹽
3483-12-3,DL-Dithiothreitol,DL-二硫蘇糖醇 (DTT)
349-88-2,4-Fluorobenzenesulfonyl chloride,4-氟苯磺醯氯
34946-82-2,Copper(II) trifluoromethanesulfonate,三氟甲磺酸銅(II)
350-46-9,1-Fluoro-4-nitrobenzene,1-氟-4-硝基苯
3508-00-7,1-Bromoheptadecane,1-溴十七烷
3511-90-8,"4-Bromo-2,3,5,6-tetrafluoropyridine","4-溴-2,3,5,6-四氟吡啶"
35153-10-7,11-Dodecen-1-yl acetate,11-十二烯醇乙酸酯
352-34-1,4-Fluoroiodobenzene,4-氟碘苯
354-38-1,"2,2,2-Trifluoroacetamide","2,2,2-三氟乙醯胺"
355-43-1,Perfluoro-n-hexyl iodide,全氟己基碘
35578-47-3,"4,4'-Dibromobenzil","4,4'-二溴苯偶醯"
35660-94-7,Tigloyl Chloride,惕各醯氯
35661-60-0,Fmoc-Leu-OH,Fmoc-L-白胺酸
358-23-6,Trifluoromethanesulfonic anhydride,三氟甲磺酸酐
358-23-6,Trifluoromethanesulphonic anhydride,三氟甲磺酸酐
3581-91-7,"4,5-Dimethylthiazole","4,5-二甲基噻唑"
3593-75-7,"Dithieno[3,2-b:2',3'-d]thiophene","二噻吩并[3,2-b:2',3'-d]噻吩"
3597-91-9,4-Biphenylmethanol,4-聯苯甲醇
3652-90-2,2-Bromocarbazole,2-溴咔唑
366-18-7,"2,2'-Bipyridyl","2,2'-聯吡啶"
366-99-4,3-Fluoro-4-methoxyaniline,3-氟-4-甲氧基苯胺
3668-43-7,"trans-Cyclobutane-1,2-dicarbonyl chloride","反式-環丁烷-1,2-二甲醯氯"
36768-62-4,"2,2,6,6-Tetramethyl-4-piperidylamine","2,2,6,6-四甲基-4-哌啶胺"
3698-89-3,Dodecyl methyl sulfide,十二烷基甲基硫醚
371-40-4,4-Fluoroaniline,4-氟苯胺
371-41-5,4-Fluorophenol,4-氟苯酚
371-42-6,4-Fluorobenzenethiol,4-氟苯硫酚
372-09-8,Cyanoacetic acid,氰乙酸
372-20-3,3-Fluorophenol,3-氟苯酚
37222-66-5,Potassium peroxomonosulfate,過一硫酸鉀 (過硫酸氫鉀)
3731-53-1,4-(Aminomethyl)pyridine,4-(胺甲基)吡啶
375-22-4,Heptafluorobutyric acid,七氟丁酸
37517-81-0,Methyl malonyl chloride,甲基丙二酸單氯 (氯羰基乙酸甲酯)
376-06-7,Heptacosafluorotetradecanoic acid,全氟十四酸
37746-78-4,Ethyl 4-bromocrotonate,4-溴巴豆酸乙酯
37882-75-0,"Thieno[3,2-b]thiophene-2,5-dicarbaldehyde","噻吩并[3,2-b]噻吩-2,5-二甲醛"
38215-36-0,Coumarin 6,香豆素 6
385-00-2,"2,6-Difluorobenzoic acid","2,6-二氟苯甲酸"
389-58-2,"4H-Cyclopenta[2,1-b:3,4-b']dithiophene","4H-環戊[2,1-b:3,4-b']二噻吩"
392-56-3,Hexafluorobenzene,六氟苯
3937-56-2,"1,9-Nonanediol","1,9-壬二醇"
39416-48-3,Pyridinium bromide,溴化吡啶
3958-03-0,Tetrabromothiophene,四溴噻吩
39720-27-9,4-(Chloromethyl)phenyl acetate,乙酸-4-(氯甲基)苯酯
3978-81-2,4-tert-Butylpyridine,4-三級丁基吡啶
3978-81-2,4-tert-Butylpyridine,4-叔丁基吡啶
3988-03-2,"4,4'-Dibromobenzophenone","4,4'-二溴二苯甲酮"
402-49-3,4-(Trifluoromethyl)benzyl bromide,4-(三氟甲基)苄基溴
402-49-3,4-(Trifluoromethyl)benzyl bromide,4-(三氟甲基)溴化苄
402-50-6,4-(Trifluoromethyl)styrene,4-(三氟甲基)苯乙烯
403-62-4,3-Thiophenecarboxaldehyde,3-噻吩甲醛
4039-32-1,Lithium bis(Trimethylsilyl)Amide,雙(三甲基矽基)胺基鋰 (LiHMDS)
4044-65-9,p-Phenylene diisocyanate,對苯二異氰酸酯
4053-08-1,"4-Chloro-1,8-Naphthalic anhydride","4-氯-1,8-萘二甲酸酐"
4062-60-6,"N1,N2-Di-tert-butylethane-1,2-diamine","N,N'-二-三級丁基乙二胺"
406482-22-2,"1-Bromo-2,3-difluoro-4-methoxybenzene","1-溴-2,3-二氟-4-甲氧基苯"
407-25-0,Trifluoroacetic anhydride,三氟乙酸酐
407-25-0,Trifluoroacetic acid anhydride,三氟乙酸酐
4091-39-8,3-Chloro-2-butanone,3-氯-2-丁酮
4105-92-4,"Triethyl 1,3,5-benzenetricarboxylate","1,3,5-苯三甲酸三乙酯"
4111-54-0,Lithium diisopropylamide,二異丙基胺基鋰 (LDA)
4117-09-3,7-Bromo-1-heptene,7-溴-1-庚烯
4142-85-2,Bis(trichlorosilyl)methane,雙(三氯矽基)甲烷
41492-05-1,1-Bromo-4-(n-butyl)benzene,1-溴-4-正丁基苯
4202-14-6,Dimethyl (acetylmethyl)phosphonate,(乙醯甲基)膦酸二甲酯
4207-56-1,Phenyltrimethylammonium tribromide,苯基三甲基三溴化銨
4214-28-2,4-Iodo-m-xylene,4-碘間二甲苯
4221-98-1,(-)-alpha-Phellandrene,(-)-α-水芹烯
4224-70-8,6-Bromohexanoic acid,6-溴己酸
423-39-2,Perfluorobutyl iodide,全氟丁基碘
42366-72-3,Diazald-N-methyl-d3,N-甲基-d3-N-亞硝基對甲苯磺醯胺
4276-49-7,1-Bromoeicosane,1-溴二十烷
429-41-4,Tetrabutylammonium fluoride (TBAF),四丁基氟化銨 (TBAF)
429-42-5,Tetrabutylammonium tetrafluoroborate,四氟硼酸四丁基銨
4294-57-9,p-Tolylmagnesium bromide,對-甲苯基溴化鎂
431-03-8,"2,3-Butanedione","2,3-丁二酮 (雙乙醯)"
4316-58-9,Tris(4-bromophenyl)amine,三(4-溴苯基)胺
43192-33-2,4-Bromo-2-ethoxybenzaldehyde,4-溴-2-乙氧基苯甲醛
4334-87-6,3-(Ethoxycarbonyl)phenylboronic acid,3-(乙氧羰基)苯硼酸
4334-88-7,4-(Ethoxycarbonyl)phenylboronic acid,4-(乙氧羰基)苯硼酸
4347-33-5,5-Formyl-2-thiopheneboronic acid,5-甲醛基-2-噻吩硼酸
4347-33-5,5-Formylthiophene-2-boronic acid,5-甲醯基噻吩-2-硼酸
4388-22-1,Bis(phenylsulfonyl)sulfide,雙(苯磺醯基)硫醚
4408-64-4,Cerium(IV) sulfate hydrate,硫酸鈰(IV)水合物
4420-74-0,(3-Mercaptopropyl)trimethoxysilane (MPTMS),(3-巰基丙基)三甲氧基矽烷
4420-74-0,(3-Mercaptopropyl)trimethoxysilane,(3-巰基丙基)三甲氧基矽烷
4422-95-1,"Trimesic acid trichloride (1,3,5-Benzenetricarbonyl chloride)","1,3,5-苯三甲醯氯"
4422-95-1,Trimesic acid trichloride,均苯三甲醯氯
4426-47-5,1-Butylboronic acid,1-丁基硼酸
443-81-2,2-Bromo-3-fluorophenol,2-溴-3-氟苯酚
446-48-0,2-Fluorobenzyl bromide,2-氟溴化苄
4482-03-5,"2,2',4,4',6,6'-Hexamethylbiphenyl","2,2',4,4',6,6'-六甲基聯苯"
4498-99-1,4-Methylbenzyl mercaptan,4-甲基苄硫醇
4499-83-6,p-Sexiphenyl,對六聯苯
4509-90-4,5-Bromovaleryl chloride,5-溴戊醯氯
4526-07-2,"1,4-Bis(trimethylsilyl)-1,3-butadiyne","1,4-雙(三甲基矽基)-1,3-丁二炔"
4549-31-9,"1,7-Dibromoheptane","1,7-二溴庚烷"
4549-32-0,"1,8-Dibromooctane","1,8-二溴辛烷"
4549-33-1,"1,9-Dibromononane","1,9-二溴壬烷"
455-14-1,4-Aminobenzotrifluoride,4-胺基三氟甲苯
455-14-1,4-(Trifluoromethyl)aniline,4-(三氟甲基)苯胺
455-24-3,"alpha,alpha,alpha-Trifluoro-p-toluic acid","α,α,α-三氟對甲苯甲酸 (4-三氟甲基苯甲酸)"
455-24-3,"alpha,alpha,alpha-Trifluoro-p-toluic acid",4-(三氟甲基)苯甲酸
455-40-3,"3,5-Difluorobenzoic acid","3,5-二氟苯甲酸"
4556-23-4,4-Mercaptopyridine,4-巰基吡啶
4556-23-4,4-Pyridinethiol,4-巰基吡啶
456-22-4,4-Fluorobenzoic acid,4-氟苯甲酸
456-27-9,4-Nitrobenzenediazonium tetrafluoroborate,4-硝基苯重氮四氟硼酸鹽
458-50-4,4-Bromo-3-fluoroanisole,4-溴-3-氟苯甲醚
458-52-6,2-Fluoro-4-methoxyaniline,2-氟-4-甲氧基苯胺
459-46-1,4-Fluorobenzyl bromide,4-氟溴化苄
459-57-4,4-Fluorobenzaldehyde,4-氟苯甲醛
460-00-4,p-Fluorobromobenzene,對氟溴苯
461-17-6,"4-Iodo-1,1,1-trifluorobutane","4-碘-1,1,1-三氟丁烷"
461-96-1,"1-Bromo-3,5-difluorobenzene","1-溴-3,5-二氟苯"
4617-33-8,15-Hydroxypentadecanoic acid,15-羥基十五酸
462-06-6,Fluorobenzene,氟苯
462-08-8,3-Aminopyridine,3-胺基吡啶
463-71-8,Thiophosgene,硫光氣
4638-92-0,(+)-trans-Chrysanthemic acid,(+)-反式菊酸
4648-54-8,Azidotrimethylsilane,疊氮三甲基矽烷
4671-75-4,Tetradecylphosphonic acid,十四烷基膦酸
4701-17-1,5-Bromo-2-thiophenecarbaldehyde,5-溴-2-噻吩甲醛
4701-17-1,5-Bromo-2-thiophenecarboxaldehyde,5-溴-2-噻吩甲醛
4708-04-7,1-Propanephosphonic dichloride,1-丙基膦酸二氯
471-25-0,Propiolic acid,丙炔酸
471-34-1,Calcium carbonate,碳酸鈣
4712-55-4,Diphenyl phosphonate,亞磷酸二苯酯
473-15-4,beta-Eudesmol,β-桉葉醇
4733-50-0,"2,3-Dicyanohydroquinone","2,3-二氰基對苯二酚"
477-28-5,4-Diazodiphenylamine sulfate,4-重氮二苯胺硫酸鹽
477-75-8,Triptycene,三亞甲苯 (三蝶烯)
4786-20-3,Crotononitrile,巴豆腈
479-27-6,"1,8-Diaminonaphthalene","1,8-二胺基萘"
485-47-2,Ninhydrin,茚三酮
486-25-9,9-Fluorenone,9-芴酮
492-22-8,Thioxanthone,硫雜蒽酮
492-62-6,alpha-D-Glucose,α-D-葡萄糖
492-97-7,"2,2'-Bithiophene","2,2'-聯噻吩"
497-19-8,Sodium carbonate,碳酸鈉 (蘇打/純鹼)
497-19-8,Sodium carbonate,碳酸鈉 (純鹼)
497-19-8,Sodium carbonate,碳酸鈉
498-62-4,Thiophene-3-carboxaldehyde,3-噻吩甲醛
50-01-1,Guanidine hydrochloride,鹽酸胍
50-81-7,L-Ascorbic acid,L-抗壞血酸 (維生素C)
50-99-7,D-Glucose (Dextrose),D-葡萄糖
500-22-1,3-Pyridinecarboxaldehyde,3-吡啶甲醛
501-65-5,Diphenylacetylene,二苯乙炔
504-29-0,2-Aminopyridine,2-胺基吡啶
504-63-2,"1,3-Propanediol","1,3-丙二醇"
5048-19-1,5-Hexenenitrile,5-己烯腈
505-54-4,Hexadecanedioic acid,十六烷二酸
505-95-3,12-Hydroxydodecanoic acid,12-羥基十二酸
506-13-8,16-Hydroxyhexadecanoic acid,16-羥基十六酸
506-30-9,Arachidic acid,花生酸 (二十酸)
506-32-1,Arachidonic acid,花生四烯酸
506-46-7,Cerotic acid,蠟酸 (二十六酸)
506-50-3,Triacontanoic acid,三十酸
506-51-4,1-Tetracosanol,1-二十四醇
506-59-2,Dimethylamine hydrochloride,二甲胺鹽酸鹽
50638-46-5,4-Bromo-3-chloroanisole,4-溴-3-氯苯甲醚
50638-47-6,4-Bromo-2-chloroanisole,4-溴-2-氯苯甲醚
507-09-5,Thioacetic acid,硫代乙酸
50816-19-8,8-Bromo-1-octanol,8-溴-1-辛醇
51-17-2,Benzimidazole,苯并咪唑
51-45-6,Histamine,組織胺
51-79-6,Ethyl carbamate (Urethane),氨基甲酸乙酯
5111-65-9,2-Bromo-6-methoxynaphthalene,2-溴-6-甲氧基萘
5123-13-7,Phenylboronic acid neopentylglycol ester,苯硼酸新戊二醇酯
513-79-1,Cobalt(II) carbonate,碳酸鈷(II)
513-81-5,"2,3-Dimethyl-1,3-butadiene","2,3-二甲基-1,3-丁二烯"
51364-51-3,Tris(dibenzylideneacetone)dipalladium(0) (Pd2(dba)3),三(二亞苄基丙酮)二鈀(0)
51364-51-3,Tris(dibenzylideneacetone)dipalladium(0),三(二亞苄基丙酮)二鈀(0)
51364-51-3,Tris(dibenzylideneacetone)dipalladium(0),三(二亞苄基丙酮)二鈀
5137-55-3,Methyltrioctylammonium chloride (Aliquat 336),甲基三辛基氯化銨
51429-74-4,Phosphomolybdic acid hydrate,磷鉬酸水合物
5144-89-8,"1,10-Phenanthroline monohydrate","1,10-菲羅啉一水合物 (鄰菲羅啉)"
516-12-1,N-Iodosuccinimide (NIS),N-碘代丁二醯亞胺 (NIS)
516-12-1,N-Iodosuccinimide,N-碘代琥珀醯亞胺 (NIS)
5162-44-7,4-Bromo-1-butene,4-溴-1-丁烯
517-51-1,Rubrene,"紅螢烯 (5,6,11,12-四苯基丁省)"
5188-07-8,Sodium thiomethoxide,甲硫醇鈉
52-67-5,Penicillamine,青黴胺
520-26-3,Hesperidin,橙皮苷
52217-57-9,Trimethoxy(7-octen-1-yl)silane,7-辛烯基三甲氧基矽烷
524-42-5,"1,2-Naphthoquinone","1,2-萘醌"
52409-22-0,Tris(dibenzylideneacetone)dipalladium(0)-chloroform adduct,三(二亞苄基丙酮)二鈀-氯仿加成物
52462-29-0,Dichloro(p-cymene)ruthenium(II) dimer,二氯(對-傘花烴)釕(II)二聚體
52547-07-6,p-Xylylenebis(tetrahydrothiophenium chloride),對-二甲苯雙(四氫噻吩氯化物)
52548-14-8,2-Iodo-5-methylbenzoic acid,2-碘-5-甲基苯甲酸
526-75-0,"2,3-Xylenol","2,3-二甲基苯酚"
527-69-5,2-Furoyl chloride,2-呋喃甲醯氯
527-72-0,2-Thiophenecarboxylic acid,2-噻吩甲酸
5283-66-9,Octyltrichlorosilane,辛基三氯矽烷
529-28-2,2-Iodoanisole,2-碘苯甲醚
529-34-0,1-Tetralone,1-四氫萘酮
529-84-0,4-Methylesculetin,4-甲基七葉亭
5292-43-3,tert-Butyl bromoacetate,溴乙酸三級丁酯
5292-43-3,tert-Butyl bromoacetate,溴乙酸叔丁酯
530-48-3,"1,1-Diphenylethylene","1,1-二苯基乙烯"
530-59-6,Sinapic acid,芥子酸
530-62-1,"N,N'-Carbonyldiimidazole (CDI)","N,N'-碳二亞胺唑 (CDI)"
53001-73-3,"2,3,5,6-Tetrafluorobenzyl bromide","2,3,5,6-四氟苄基溴"
531-91-9,"N,N'-Diphenylbenzidine","N,N'-二苯基聯苯胺"
53199-31-8,Bis(tri-tert-butylphosphine)palladium(0),雙(三-三級丁基膦)鈀(0)
532-28-5,Mandelonitrile,苯乙醇腈
532-32-1,Sodium benzoate,苯甲酸鈉
5324-30-1,Diethyl 2-bromoethylphosphonate,2-溴乙基膦酸二乙酯
5326-34-1,4-Bromo-3-nitrotoluene,4-溴-3-硝基甲苯
53293-00-8,5-Hexynoic acid,5-己炔酸
5332-06-9,4-Bromobutyronitrile,4-溴丁腈
534-17-8,Cesium carbonate,碳酸銫
534-85-0,2-Aminodiphenylamine,2-胺基二苯胺
5345-54-0,3-Chloro-4-methoxyaniline,3-氯-4-甲氧基苯胺
53463-68-6,10-Bromo-1-decanol,10-溴-1-癸醇
535-87-5,"3,5-Diaminobenzoic acid","3,5-二胺基苯甲酸"
536-74-3,Phenylacetylene,苯乙炔
53760-27-3,"4,4'-Diaminodiphenylamine Sulfate","4,4'-二胺基二苯胺硫酸鹽"
538-75-0,"N,N'-Dicyclohexylcarbodiimide (DCC)","N,N'-二環己基碳二亞胺 (DCC)"
5390-04-5,4-Pentyn-1-ol,4-戊炔-1-醇
5392-40-5,Citral,檸檬醛
53939-28-9,cis-11-Hexadecenal,順-11-十六烯醛
540-09-0,12-Tricosanone,12-二十三酮
540-37-4,4-Iodoaniline,4-碘苯胺
540-38-5,4-Iodophenol,4-碘苯酚
540-51-2,2-Bromoethanol,2-溴乙醇
540-63-6,"1,2-Ethanedithiol","1,2-乙二硫醇"
540-69-2,Ammonium formate,甲酸銨
540-80-7,tert-Butyl nitrite,亞硝酸三級丁酯
540-84-1,"2,2,4-Trimethylpentane (Isooctane)","2,2,4-三甲基戊烷 (異辛烷)"
540-84-1,"2,2,4-Trimethylpentane","2,2,4-三甲基戊烷 (異辛烷)"
5407-04-5,3-Dimethylaminopropyl chloride hydrochloride,3-二甲胺基丙基氯鹽酸鹽
541-41-3,Ethyl chloroformate,氯甲酸乙酯
541-59-3,Maleimide,馬來醯亞胺
54149-17-6,1-Bromo-2-(2-methoxyethoxy)ethane,1-溴-2-(2-甲氧基乙氧基)乙烷
5419-55-6,Triisopropyl borate,硼酸三異丙酯
54193-36-1,"Poly(methacrylic acid, sodium salt)",聚甲基丙烯酸鈉
543-27-1,Isobutyl chloroformate,氯甲酸異丁酯
544-02-5,Isoamyl sulfide,異戊基硫醚
544-40-1,Dibutyl sulfide,二丁基硫醚
544-76-3,n-Hexadecane,正十六烷
544-92-3,Copper(I) cyanide,氰化亞銅
54401-85-3,Ethyl 4-pyridylacetate,4-吡啶乙酸乙酯
5442-00-2,2-Cyclohexyl-1-propanol,2-環己基-1-丙醇
5445-51-2,"1,1-Cyclobutanedicarboxylic acid","1,1-環丁烷二甲酸"
545-06-2,Trichloroacetonitrile,三氯乙腈
546-67-8,Lead tetraacetate,四乙酸鉛
546-68-9,Titanium(IV) isopropoxide,異丙醇鈦
54663-78-4,2-(Tributylstannyl)thiophene,2-(三丁基錫)噻吩
5467-74-3,4-Bromophenylboronic acid,4-溴苯硼酸
5470-11-1,Hydroxylamine hydrochloride,鹽酸羥胺
54897-59-5,"2,3-Diaminopropionic acid monohydrochloride","2,3-二胺基丙酸鹽酸鹽"
55-21-0,Benzamide,苯甲醯胺
55-22-1,Isonicotinic acid,異菸鹼酸
5509-65-9,"2,6-Difluoroaniline","2,6-二氟苯胺"
551-93-9,2'-Aminoacetophenone,2'-胺基苯乙酮
552-89-6,2-Nitrobenzaldehyde,2-硝基苯甲醛
554-14-3,2-Methylthiophene,2-甲基噻吩
554-70-1,Triethylphosphine,三乙基膦
554-84-7,3-Nitrophenol,3-硝基苯酚
554-95-0,Trimesic acid,"均苯三甲酸 (1,3,5-苯三甲酸)"
55453-24-2,4-(Trimethoxysilyl)butyronitrile,4-(三甲氧基矽基)丁腈
555-31-7,Aluminium triisopropanolate,異丙醇鋁
556-96-7,5-Bromo-m-xylene,5-溴間二甲苯
557-20-0,Diethylzinc,二乙基鋅
557-34-6,Zinc acetate,醋酸鋅 (乙酸鋅)
557-34-6,Zinc acetate,乙酸鋅
557-61-9,1-Octacosanol,1-二十八醇
5574-97-0,Tetrabutylammonium phosphate,四丁基磷酸銨
5575-48-4,"3,4-Dichlorobenzoyl chloride","3,4-二氯苯甲醯氯"
558-13-4,Carbon tetrabromide,四溴化碳
558-13-4,Tetrabromomethane,四溴甲烷
559-40-0,Octafluorocyclopentene,八氟環戊烯
56-12-2,4-Aminobutyric acid,4-胺基丁酸 (GABA)
56-23-5,Tetrachloromethane (Carbon tetrachloride),四氯化碳 
56-37-1,Benzyltriethylammonium chloride (TEBA),苄基三乙基氯化銨
56-40-6,Glycine,甘胺酸
56-40-6,Glycine,甘胺酸 (胺基乙酸)
56-81-5,Glycerol (Glycerin),甘油 (丙三醇)
56-81-5,Glycerol,甘油 (丙三醇)
56-84-8,L-Aspartic acid,L-天門冬胺酸
56-93-9,Benzyltrimethylammonium chloride,芐基三甲基氯化銨
56-93-9,Benzyltrimethylammonium chloride,苄基三甲基氯化銨
56047-23-5,Sodium Hydrogen 4-Chlorophthalate,4-氯鄰苯二甲酸氫鈉
563-47-3,3-Chloro-2-methyl-1-propene,3-氯-2-甲基-1-丙烯 (甲基烯丙基氯)
563-63-3,Silver acetate,醋酸銀
563-63-3,Silver acetate,乙酸銀
564483-18-7,XPhos,XPhos (配體)
564483-19-8,tBuXPhos,tBuXPhos (配體)
5655-61-8,(-)-Bornyl acetate,(-)-乙酸龍腦酯
56683-54-6,Cis-11-hexadecenol,順-11-十六烯醇
5675-51-4,"1,12-Dodecanediol","1,12-十二烷二醇"
56962-08-4,"4,5-Dichlorophthalic acid","4,5-二氯鄰苯二甲酸"
57-09-0,Hexadecyltrimethylammonium bromide (CTAB),十六烷基三甲基溴化銨 (CTAB)
57-09-0,Cetyltrimethylammonium bromide,十六烷基三甲基溴化銨
57-10-3,Palmitic acid,棕櫚酸 (十六酸)
57-11-4,Stearic acid,硬脂酸
57-13-6,Urea,尿素
571-60-8,"1,4-Dihydroxynaphthalene","1,4-二羥基萘 (1,4-萘二酚)"
5720-05-8,4-Tolylboronic acid,4-甲基苯硼酸 (4-甲苯硼酸)
5720-05-8,4-Methylbenzeneboronic acid,4-甲基苯硼酸 (對甲基苯硼酸)
5720-06-9,2-Methoxyphenylboronic acid,2-甲氧基苯硼酸
5720-07-0,4-Methoxyphenylboronic acid,4-甲氧基苯硼酸
573-17-1,9-Bromophenanthrene,9-溴菲
574-19-6,2'-Hydroxy-1'-acetonaphthone,2'-羥基-1'-乙醯萘酮
57526-28-0,2-Methylbutyryl chloride,2-甲基丁醯氯
576-26-1,"2,6-Xylenol","2,6-二甲基苯酚"
576-83-0,2-Bromomesitylene,2-溴均三甲苯
577-11-7,Dioctyl sodium sulfosuccinate,二辛基磺基琥珀酸鈉 (DOSS)
577-19-5,1-Bromo-2-nitrobenzene,1-溴-2-硝基苯
578-95-0,9(10H)-Acridanone,9-吖啶酮
5798-75-4,Ethyl 4-bromobenzoate,4-溴苯甲酸乙酯
58-61-7,(-)-Adenosine,腺苷
58-85-5,Biotin,生物素
580-13-2,2-Bromonaphthalene,2-溴萘
582-17-2,"2,7-Naphthalenediol","2,7-萘二酚"
582-17-2,"2,7-Dihydroxynaphthalene","2,7-二羥基萘"
582-60-5,"5,6-Dimethylbenzimidazole","5,6-二甲基苯并咪唑"
5821-51-2,Corannulene,碗烯
583-39-1,2-Mercaptobenzimidazole,2-巰基苯并咪唑
583-53-9,"1,2-Dibromobenzene","1,2-二溴苯"
583-55-1,1-Bromo-2-iodobenzene,1-溴-2-碘苯
583-69-7,Bromohydroquinone,溴對苯二酚
583-71-1,4-Bromo-o-xylene,4-溴鄰二甲苯
583-75-5,4-Bromo-2-methylaniline,4-溴-2-甲基苯胺
584-08-7,Potassium carbonate,碳酸鉀
585-76-2,3-Bromobenzoic acid,3-溴苯甲酸
585-79-5,1-Bromo-3-nitrobenzene,1-溴-3-硝基苯
5851-50-3,2-Nonylbenzimidazole,2-壬基苯并咪唑
5856-79-1,DL-2-Methylbutyryl chloride,DL-2-甲基丁醯氯
58574-03-1,4'-Hydroxybiphenyl-4-carboxylic acid,4'-羥基聯苯-4-甲酸
586-38-9,3-Methoxybenzoic acid,3-甲氧基苯甲酸
586-75-4,4-Bromobenzoyl chloride,4-溴苯甲醯氯
586-76-5,4-Bromobenzoic acid,4-溴苯甲酸
586-78-7,1-Bromo-4-nitrobenzene,1-溴-4-硝基苯
586-95-8,4-Pyridylcarbinol,4-吡啶甲醇
58743-83-2,4-bromo-4'-methoxybiphenyl,4-溴-4'-甲氧基聯苯
588-93-2,1-Bromo-4-n-propylbenzene,1-溴-4-正丙基苯
589-15-1,4-Bromobenzyl bromide,4-溴苯甲基溴 (4-溴苄基溴)
589-87-7,1-Bromo-4-iodobenzene,1-溴-4-碘苯
5894-60-0,Hexadecyltrichlorosilane,十六烷基三氯矽烷
590-17-0,Bromoacetonitrile,溴乙腈
590-86-3,Isovaleraldehyde,異戊醛
590-90-9,4-Hydroxy-2-butanone,4-羥基-2-丁酮
59016-93-2,4-(Hydroxymethyl)phenylboronic acid,4-(羥甲基)苯硼酸
591-20-8,3-Bromophenol,3-溴苯酚
591-50-4,Iodobenzene,碘苯
591-51-5,Phenyllithium,苯基鋰
591-80-0,4-Pentenoic acid,4-戊烯酸
592-42-7,"1,5-Hexadiene","1,5-己二烯"
592-51-8,4-Pentenenitrile,4-戊烯腈
592-76-7,1-Heptene,1-庚烯
593-51-1,Methylamine hydrochloride,甲胺鹽酸鹽
594-19-4,tert-Butyllithium,叔丁基鋰
5949-29-1,Citric acid monohydrate,檸檬酸一水合物
5959-52-4,3-Amino-2-naphthoic acid,3-胺基-2-萘甲酸
5965-83-3,5-Sulfosalicylic acid dihydrate,5-磺基水楊酸二水合物
5970-45-6,Zinc acetate dihydrate,醋酸鋅二水合物
598-62-9,Manganese(II) carbonate,碳酸錳
5980-97-2,Mesitylboronic acid,均三甲苯硼酸
599-70-2,Ethyl phenyl sulfone,乙基苯基碸
59997-51-2,Pivaloylacetonitrile,特戊醯乙腈
60-23-1,Cysteamine,半胱胺
60-24-2,Thioglycol,2-巰基乙醇
60-29-7,Ethyl ether,乙醚
6018-89-9,Nickel(II) acetate tetrahydrate,醋酸鎳四水合物
603-34-9,Triphenylamine,三苯胺
603-35-0,Triphenylphosphine,三苯基膦
603-76-9,1-Methylindole,1-甲基吲哚
6046-93-1,Copper(II) acetate monohydrate,醋酸銅一水合物
6046-93-1,Copper(II) acetate monohydrate,醋酸銅(II)一水合物
605-65-2,Dansyl chloride,丹醯氯
6066-82-6,N-Hydroxysuccinimide (NHS),N-羥基琥珀醯亞胺
608-72-0,"1,3,5-Tribromo-2,4,6-trimethylbenzene","1,3,5-三溴-2,4,6-三甲基苯"
60835-72-5,4'-Bromobenzo-15-crown-5,4'-溴苯并-15-冠-5 (冠醚)
6089-09-4,4-Pentynoic acid,4-戊炔酸
611-32-5,8-Methylquinoline,8-甲基喹啉
611-94-9,4-Methoxybenzophenone,4-甲氧基二苯甲酮
611-97-2,"4,4'-Dimethylbenzophenone","4,4'-二甲基二苯甲酮"
611-99-4,"4,4'-Dihydroxybenzophenone","4,4'-二羥基二苯甲酮"
613-13-8,2-Aminoanthracene,2-胺基蒽
613-31-0,"9,10-Dihydroanthracene","9,10-二氫蒽"
613-37-6,4-Methoxybiphenyl,4-甲氧基聯苯
613-73-0,"1,2-Phenylenediacetonitrile","1,2-苯二乙腈"
6132-04-3,Sodium citrate dihydrate,檸檬酸鈉二水合物
61326-44-1,"1,1,2,2-Tetrakis(4-bromophenyl)ethene","1,1,2,2-四(4-溴苯基)乙烯"
615-43-0,2-Iodoaniline,2-碘苯胺
615-94-1,"2,5-Dihydroxy-1,4-benzoquinone","2,5-二羥基-1,4-苯醌"
6153-56-6,Oxalic acid dihydrate,草酸二水合物
61540-63-4,Methylammonium thiocyanate,甲基硫氰酸銨 (MASCN)
6156-78-1,Manganese(II) acetate tetrahydrate,醋酸錳(II)四水合物
616-24-0,1-Ethylpropylamine,1-乙基丙胺 (3-胺基戊烷)
616-25-1,1-Penten-3-ol,1-戊烯-3-醇
616-38-6,Dimethyl carbonate,碳酸二甲酯
6160-65-2,"1,1'-Thiocarbonyldiimidazole","1,1'-硫羰基二咪唑"
6163-58-2,Tri(o-tolyl)phosphine,三(鄰甲苯基)膦
6165-69-1,3-Thiopheneboronic acid,3-噻吩硼酸
6165-69-1,Thiophene-3-boronic acid,噻吩-3-硼酸
61676-62-8,"2-Isopropoxy-4,4,5,5-tetramethyl-1,3,2-dioxaborolane","2-異丙氧基-4,4,5,5-四甲基-1,3,2-二氧硼雜環戊烷"
617-86-7,Triethylsilane,三乙基矽烷
618-51-9,3-Iodobenzoic acid,3-碘苯甲酸
618-83-7,5-hydroxyisophthalic acid,5-羥基間苯二甲酸
618-89-3,Methyl 3-bromobenzoate,3-溴苯甲酸甲酯
619-04-5,"3,4-Dimethylbenzoic acid","3,4-二甲基苯甲酸"
619-44-3,Methyl 4-iodobenzoate,4-碘苯甲酸甲酯
619-58-9,4-Iodobenzoic acid,4-碘苯甲酸
619-65-8,4-Cyanobenzoic acid,4-氰基苯甲酸
619-66-9,Terephthalaldehydic acid (4-Formylbenzoic acid),對苯二甲醛酸 (4-甲醛基苯甲酸)
619-73-8,4-Nitrobenzyl alcohol,4-硝基苯甲醇
6192-52-5,p-Toluenesulfonic acid monohydrate,對甲苯磺酸一水合物
6192-52-5,4-Methylbenzenesulfonic acid monohydrate,對甲苯磺酸一水合物
62-49-7,Choline,膽鹼
62-53-3,Aniline,苯胺
62-55-5,Thioacetamide,硫代乙醯胺
62-56-6,Thiourea,硫脲
62-74-8,Sodium fluoroacetate,氟乙酸鈉
622-75-3,"1,4-Phenylenediacetonitrile","1,4-苯二乙腈"
6222-35-1,Propionic acid cyclohexyl ester,丙酸環己酯
6224-91-5,1-(Trimethylsilyl)propyne,1-(三甲基矽基)丙炔
623-00-7,4-Bromobenzonitrile,4-溴苯甲腈
623-04-1,4-Aminobenzyl alcohol,4-胺基苯甲醇
623-05-2,4-Hydroxybenzyl alcohol,4-羥基苯甲醇
623-24-5,"alpha,alpha'-Dibromo-p-xylene","α,α'-二溴對二甲苯"
623-26-7,Terephthalonitrile,對苯二甲腈
623-27-8,Terephthalaldehyde,對苯二甲醛
623-43-8,Methyl crotonate,巴豆酸甲酯
623-51-8,Ethyl mercaptoacetate,巰基乙酸乙酯
6232-88-8,alpha-Bromo-para-toluic acid,α-溴對甲苯甲酸
6232-88-8,alpha-Bromo-para-toluic acid,α-溴對甲苯甲酸 (4-羧基溴化苄)
624-28-2,"2,5-Dibromopyridine","2,5-二溴吡啶"
624-38-4,"1,4-Diiodobenzene","1,4-二碘苯"
624-49-7,Dimethyl fumarate,富馬酸二甲酯
624-49-7,Dimethyl fumarate,富馬酸二甲酯 (反丁烯二酸二甲酯)
624-89-5,Ethyl methyl sulfide,乙基甲基硫醚
625-48-9,2-Nitroethanol,2-硝基乙醇
625-95-6,3-Iodotoluene,3-碘甲苯
6258-60-2,4-Methoxy-alpha-toluenethiol,4-甲氧基-α-甲苯硫醇 (4-甲氧基苄硫醇)
626-05-1,"2,6-Dibromopyridine","2,6-二溴吡啶"
626-39-1,"1,3,5-Tribromobenzene","1,3,5-三溴苯"
626-55-1,3-Bromopyridine,3-溴吡啶
626-64-2,4-Hydroxypyridine,4-羥基吡啶
627-18-9,3-Bromo-1-propanol,3-溴-1-丙醇
627-19-0,1-Pentyne,1-戊炔
627-27-0,3-Buten-1-ol,3-丁烯-1-醇
627-30-5,3-Chloro-1-propanol,3-氯-1-丙醇
62778-11-4,Hydrogen fluoride pyridine complex (Olah's reagent),氟化氫吡啶錯合物 (Olah試劑)
628-17-1,1-Iodopentane,1-碘戊烷
628-41-1,"1,4-Cyclohexadiene","1,4-環己二烯"
62871-09-4,10-Bromo-1-decene,10-溴-1-癸烯
629-03-8,"1,6-Dibromohexane","1,6-二溴己烷"
629-05-0,1-Octyne,1-辛炔
629-11-8,"1,6-Hexanediol","1,6-己二醇"
629-30-1,"1,7-Heptanediol","1,7-庚二醇"
629-41-4,"1,8-Octanediol","1,8-辛二醇"
629-72-1,1-Bromopentadecane,1-溴十五烷
629-73-2,1-Hexadecene,1-十六烯
629-74-3,1-Hexadecyne,1-十六炔
629-96-9,1-Eicosanol,1-二十醇
630-01-3,Hexacosane,二十六烷
630-18-2,Trimethylacetonitrile (Pivalonitrile),特戊腈 (三甲基乙腈)
63075-66-1,Diethyl (4-bromobutyl)phosphonate,(4-溴丁基)膦酸二乙酯
631-61-8,Ammonium acetate,醋酸銨
6310-09-4,2-Acetyl-5-chlorothiophene,2-乙醯基-5-氯噻吩
63148-57-2,Poly(methylhydrosiloxane),聚甲基氫矽氧烷
6336-32-9,"5,11-Dihydroindolo[3,2-b]carbazole","5,11-二氫吲哚并[3,2-b]咔唑"
635-12-1,"1,4-Anthraquinone","1,4-蒽醌"
63503-60-6,3-Chlorophenylboronic acid,3-氯苯硼酸
636-09-9,"Terephthalic acid, diethyl ester",對苯二甲酸二乙酯
636-98-6,1-Iodo-4-nitrobenzene,1-碘-4-硝基苯
637-31-0,Bindschedler's Green Leuco Base,賓斯切勒綠無色基
637-44-5,Phenylpropiolic acid,苯丙炔酸
637-69-4,4-Vinylanisole,4-乙烯基苯甲醚
637-88-7,"1,4-Cyclohexanedione","1,4-環己二酮"
637-89-8,4-Mercaptophenol,4-巰基苯酚
638-29-9,Valeryl chloride,戊醯氯
638-53-9,Tridecanoic acid,十三酸
638-59-5,Myristyl acetate,乙酸肉豆蔻酯
6381-59-5,Potassium sodium tartrate tetrahydrate,酒石酸鉀鈉四水合物
6393-01-7,"2,5-Dimethyl-1,4-phenylenediamine","2,5-二甲基-1,4-苯二胺"
64-17-5,Ethanol,乙醇
64-18-6,Formic acid,甲酸
64-19-7,Acetic acid (Glacial),冰醋酸 (乙酸)
64-19-7,Acetic acid,醋酸 (乙酸)
64-19-7,Acetic acid,乙酸 (醋酸)
643-79-8,o-Phthalaldehyde,鄰苯二甲醛
644-06-4,"Precocene II (6,7-dimethoxy-2,2-dimethyl-3-chromene)",早熟素 II
646-07-1,4-Methylvaleric acid,4-甲基戊酸
64695-78-9,"1,2-Dibromo-4,5-difluorobenzene","1,2-二溴-4,5-二氟苯"
6485-79-6,Triisopropylsilane,三異丙基矽烷
6485-79-6,Triisopropylsilane (TIPS),三異丙基矽烷
65-85-0,Benzoic acid,苯甲酸
65039-09-0,1-Ethyl-3-methylimidazolium chloride,1-乙基-3-甲基咪唑氯鹽 ([EMIM]Cl)
652-03-9,Tetrafluorophthalic acid,四氟鄰苯二甲酸
655-86-7,"2,3-Diaminophenazine","2,3-二胺基吩嗪"
657408-07-6,"SPhos (2-Dicyclohexylphosphino-2',6'-dimethoxybiphenyl)",SPhos 配體
66-71-7,"1,10-Phenanthroline","1,10-菲羅啉 (鄰菲羅啉)"
66-71-7,"1,10-Phenanthroline","1,10-菲羅啉 (無水)"
66-71-7,"1,10-Phenanthroline","1,10-菲囉啉"
66-77-3,1-Naphthaldehyde,1-萘甲醛
66-99-9,2-Naphthaldehyde,2-萘甲醛
661-69-8,Hexamethylditin,六甲基二錫
66197-72-6,Diethyl (bromomethyl)phosphonate,(溴甲基)膦酸二乙酯
6621-59-6,6-Bromohexanenitrile,6-溴己腈
6630-33-7,o-Bromobenzaldehyde,鄰-溴苯甲醛
6630-33-7,o-Bromobenzaldehyde,鄰溴苯甲醛
6642-29-1,"4-Nitro-1,8-naphthalic anhydride","4-硝基-1,8-萘二甲酸酐"
667-91-4,10-Benzhydrylidene-9-anthrone,10-二苯亞甲基-9-蒽酮
6674-22-2,"1,8-Diazabicyclo[5.4.0]undec-7-ene","1,8-二氮雜雙環[5.4.0]十一-7-烯 (DBU)"
66796-30-3,Perfluorosulfonic acid-PTFE copolymer,全氟磺酸-PTFE共聚物
66990-32-7,"10,12-Pentacosadiynoic acid","10,12-二十五碳二炔酸"
67-56-1,Methyl alcohol (Methanol),甲醇
67-63-0,Isopropyl alcohol (IPA),異丙醇
67-64-1,Acetone,丙酮
67-66-3,Chloroform,氯仿 (三氯甲烷)
67-66-3,Trichloromethane (Chloroform),三氯甲烷 (氯仿)
67-66-3,Trichloromethane,三氯甲烷 (氯仿)
67-68-5,Dimethyl sulfoxide (DMSO),二甲基亞碸 (DMSO)
67-68-5,Dimethyl sulfoxide (DMSO),二甲基亞碸
67-68-5,DMSO (Dimethyl sulfoxide),二甲基亞碸
670-54-2,Tetracyanoethylene,四氰乙烯
670-54-2,Tetracyanoethylene,四氰基乙烯
672-65-1,(1-Chloroethyl)benzene,(1-氯乙基)苯
6737-42-4,"1,3-Bis(diphenylphosphino)propane (dppp)","1,3-雙(二苯基膦)丙烷 (dppp)"
6746-94-7,Cyclopropylacetylene,環丙基乙炔
67485-29-4,Hydramethylnon,伏蟻腙 (愛美松)
67492-50-6,"3,5-Dichlorophenylboronic acid","3,5-二氯苯硼酸"
67762-94-1,Vinylmethylsiloxane-dimethylsiloxane copolymer,乙烯基甲基矽氧烷-二甲基矽氧烷共聚物
67762-94-1,Dimethylsiloxane copolymer,二甲基矽氧烷共聚物
67905-19-5,Perfluorohexadecanoic acid,全氟十六酸
68-12-2,"N,N-Dimethylformamide (DMF)","N,N-二甲基甲醯胺 (DMF)"
68-12-2,"N,N-Dimethylformamide (DMF)","N,N-二甲基甲醯胺"
68-12-2,"N,N-Dimethylformamide",二甲基甲醯胺 (DMF)
680-31-9,Hexamethylphosphoramide (HMPA),六甲基磷醯胺 (HMPA)
68162-47-0,4-(Bromomethyl)phenylboronic acid,4-(溴甲基)苯硼酸
6825-20-3,"3,6-Dibromo-9H-carbazole","3,6-二溴咔唑"
6825-20-3,"3,6-Dibromocarbazole","3,6-二溴咔唑"
6867-30-7,Lithium acetylide ethylenediamine complex,乙炔鋰乙二胺錯合物
6872-17-9,"5-Chloro-1,3,3-trimethyl-2-methyleneindoline","5-氯-1,3,3-三甲基-2-亞甲基吲哚啉"
6876-37-5,Methylammonium bromide,甲基溴化銨 (MABr)
688-74-4,Tributyl borate,硼酸三丁酯
6881-57-8,Benzylphosphonic acid,苄基膦酸
69249-61-2,2-Bromo-3-hexylthiophene,2-溴-3-己基噻吩
693-02-7,1-Hexyne,1-己炔
693-13-0,"N,N'-Diisopropylcarbodiimide (DIC)","N,N'-二異丙基碳二亞胺 (DIC)"
693-13-0,"N,N'-Diisopropylcarbodiimide","N,N'-二異丙基碳二亞胺 (DIC)"
693-58-3,1-Bromononane,1-溴壬烷
693-67-4,1-Bromoundecane,1-溴十一烷
6938-66-5,1-Bromodocosane,1-溴二十二烷
696-62-8,4-Iodoanisole,4-碘苯甲醚
697-82-5,"2,3,5-Trimethylphenol","2,3,5-三甲基苯酚"
6972-71-0,"4,5-Dimethyl-2-nitroaniline","4,5-二甲基-2-硝基苯胺"
69839-68-5,16-Mercaptohexadecanoic acid,16-巰基十六酸
70-11-1,2-Bromo-1-phenylethanone,2-溴苯乙酮
700-16-3,Pentafluoropyridine,五氟吡啶
701-35-9,p-Tolyltrichlorosilane,對-甲苯基三氯矽烷
70693-62-8,Potassium peroxymonosulfate (Oxone),過一硫酸氫鉀 (Oxone)
7087-68-5,"N,N-Diisopropylethylamine","N,N-二異丙基乙胺 (DIPEA)"
70955-01-0,Molecular sieves,分子篩
71-36-3,1-Butyl alcohol (n-Butanol),正丁醇
71-36-3,1-Butyl alcohol,1-丁醇 (正丁醇)
71-41-0,1-Pentanol,1-戊醇
71-43-2,Benzene,苯
71-55-6,"1,1,1-Trichloroethane","1,1,1-三氯乙烷"
71084-08-7,9-Dodecyn-1-ol,9-十二炔-1-醇
7128-64-5,"2,5-Bis(5-tert-butyl-2-benzoxazolyl)thiophene","2,5-雙(5-叔丁基-2-苯并噁唑基)噻吩 (BBOT)"
71310-21-9,11-Mercaptoundecanoic acid,11-巰基十一酸
714-29-0,1-Bromopyrene,1-溴芘
71597-85-8,4-Hydroxyphenylboronic acid,4-羥基苯硼酸
71597-85-8,4-Hydroxybenzeneboronic acid,4-羥基苯硼酸
716-39-2,"2,3-Naphthalenedicarboxylic anhydride","2,3-萘二甲酸酐"
71637-34-8,3-Thiophenemethanol,3-噻吩甲醇
71838-16-9,3-Bromo-4-iodotoluene,3-溴-4-碘甲苯
7212-44-4,Nerolidol,橙花叔醇
7226-23-5,"1,3-Dimethyl-3,4,5,6-tetrahydro-2(1H)-pyrimidinone","1,3-二甲基-3,4,5,6-四氫-2(1H)-嘧啶酮 (DMPU)"
72287-26-4,"1,1'-Bis(diphenylphosphino)ferrocene-palladium(II) dichloride","[1,1'-雙(二苯基膦)二鐵]二氯鈀"
72287-26-4,"[1,1'-Bis(diphenylphosphino)ferrocene]dichloropalladium(II)","[1,1'-雙(二苯基膦)二鐵]二氯鈀(II)"
7291-22-7,Pyridine-d5,吡啶-d5
73183-34-3,Bis(pinacolato)diboron,雙(頻那醇)二硼
7321-21-9,2-Bromoanthracene,2-溴蒽
7333-08-6,"1,2-Di(3-thienyl)-1,2-ethanedione","1,2-二(3-噻吩基)-1,2-乙二酮"
7333-25-7,"10,12-Octadecadiynoic acid","10,12-十八碳二炔酸"
73768-94-2,11-Mercapto-1-undecanol,11-巰基-1-十一醇
73870-24-3,4-(Bromomethyl)pyridine hydrobromide,4-溴甲基吡啶氫溴酸鹽
7396-41-0,"Dimethyl 2-thioxo-1,3-dithiole-4,5-dicarboxylate","2-硫-1,3-二硫茂-4,5-二羧酸二甲酯"
74-88-4,Methyl iodide (Iodomethane),碘甲烷
74-89-5,Methylamine,甲胺
74-89-5,Methylamine anhydrous,甲胺 (無水)
74-96-4,Bromoethane,溴乙烷
74-96-4,Ethyl bromide,溴乙烷
74328-61-3,8-Mercaptooctanoic acid,8-巰基辛酸
7439-89-6,Iron,鐵
7439-95-4,Magnesium powder,鎂粉
7439-97-6,Mercury,汞 (水銀)
7440-05-0,Palladium on carbon (Pd/C),鈀碳 (Pd/C)
7440-05-3,Palladium (Metal),鈀 (金屬)
7440-05-3,Palladium,鈀粉
7440-05-3,Palladium,鈀
7440-09-7,Potassium,鉀 (金屬鉀)
7440-22-4,Silver (Shot/Pellets),銀粒/銀靶材
7440-23-5,Sodium,鈉 (金屬鈉)
7440-31-5,Tin,錫
7440-44-0,Active charcoal (Activated carbon),活性碳
7440-50-8,Copper powder,銅粉
7440-50-8,Copper foil,銅箔
7440-57-5,Au (Gold),金
7440-66-6,Zinc powder,鋅粉
7440-70-2,Calcium,鈣
7446-08-4,Selenium dioxide,二氧化硒
7446-70-0,Aluminum chloride,氯化鋁
7447-39-4,Copper(II) chloride,氯化銅
7447-39-4,Copper(II) chloride,氯化銅(II)
7447-39-4,Copper(II) chloride,氯化銅(II) (無水)
7447-40-7,Potassium chloride,氯化鉀
7447-41-8,Lithium chloride,氯化鋰
75-04-7,Ethylamine,乙胺
75-05-8,Acetonitrile,乙腈
75-07-0,Acetaldehyde,乙醛
75-08-1,Ethyl mercaptan,乙硫醇
75-11-6,Diiodomethane,二碘甲烷
75-12-7,Formamide,甲醯胺
75-15-0,Carbon disulfide,二硫化碳
75-16-1,Methylmagnesium bromide,甲基溴化鎂
75-18-3,Dimethyl sulfide,二甲基硫醚
75-25-2,Bromoform,溴仿
75-29-6,2-Chloropropane,2-氯丙烷
75-30-9,2-Iodopropane,2-碘丙烷
75-33-2,2-Propanethiol,2-丙硫醇 (異丙硫醇)
75-50-3,Trimethylamine,三甲胺
75-52-5,Nitroethane,硝基乙烷
75-52-5,Nitromethane,硝基甲烷
75-56-9,"1,2-Epoxypropane (Propylene oxide)",環氧丙烷
75-60-5,Cacodylic acid,二甲胂酸
75-64-9,tert-Butylamine,三級丁胺 (叔丁胺)
75-65-0,tert-Butyl alcohol,三級丁醇 (叔丁醇)
75-75-2,Methanesulfonic acid,甲磺酸
75-77-4,Trimethylchlorosilane,三甲基氯矽烷
75-78-5,Dimethyldichlorosilane,二甲基二氯矽烷
75-89-8,"2,2,2-Trifluoroethanol","2,2,2-三氟乙醇"
75-97-8,"3,3-Dimethyl-2-butanone","3,3-二甲基-2-丁酮 (頻哪酮)"
75-98-9,Pivalic acid (Trimethylacetic acid),三甲基乙酸 (特戊酸)
7529-22-8,4-Methylmorpholine N-oxide,N-甲基嗎啉-N-氧化物 (NMO)
754-34-7,Perfluoropropyl iodide,全氟丙基碘 (七氟碘丙烷)
7550-45-0,Titanium tetrachloride,四氯化鈦
7553-56-2,Iodine,碘
7558-79-4,Disodium hydrogen phosphate,磷酸氫二鈉
7558-80-7,Sodium phosphate monobasic,磷酸二氫鈉
7560-83-0,N-Methyldicyclohexylamine,N-甲基二環己胺
759-36-4,Diethyl isopropylmalonate,異丙基丙二酸二乙酯
76-03-9,Trichloroacetic acid,三氯乙酸
76-04-0,Chlorodifluoroacetic acid,氯二氟乙酸
76-05-1,Trifluoroacetic acid (TFA),三氟乙酸 (TFA)
76-05-1,Trifluoroacetic acid (TFA),三氟乙酸
76-05-1,Trifluoroacetic acid,三氟乙酸
76-09-5,"Pinacol (2,3-Dimethyl-2,3-butanediol)","頻那醇 (2,3-二甲基-2,3-丁二醇)"
76-13-1,"1,1,2-Trichloro-1,2,2-trifluoroethane","1,1,2-三氯-1,2,2-三氟乙烷"
76-49-3,Bornyl acetate,乙酸龍腦酯
76-83-5,Trityl chloride (Triphenylmethyl chloride),三苯甲基氯 (三苯基氯甲烷)
76-84-6,Triphenylmethanol,三苯甲醇
76-86-8,Triphenylsilyl chloride,三苯基氯矽烷
762-04-9,Diethyl phosphite,亞磷酸二乙酯
762-21-0,Diethyl acetylenedicarboxylate,乙炔二甲酸二乙酯
762-42-5,Dimethyl acetylenedicarboxylate,乙炔二甲酸二甲酯
763-32-6,3-Methyl-3-buten-1-ol,3-甲基-3-丁烯-1-醇
7631-86-9,Silicon dioxide,二氧化矽
7631-90-5,Sodium bisulfite,亞硫酸氫鈉
7631-99-4,Sodium nitrate,硝酸鈉
7632-00-0,Sodium nitrite,亞硝酸鈉
764-93-2,1-Decyne,1-癸炔
7646-69-7,Sodium hydride,氫化鈉
7646-78-8,Stannic chloride (Tin(IV) chloride),氯化錫(IV) (四氯化錫)
7646-79-9,Cobalt(II) chloride,氯化鈷(II)
7646-85-7,Zinc chloride,氯化鋅
7646-93-7,Potassium hydrogen sulphate,硫酸氫鉀
7647-01-0,Hydrochloric acid,鹽酸
7647-01-0,Hydrochloric acid,鹽酸 (註：原輸入名稱為氫碘酸，但CAS為鹽酸)
7647-10-1,Palladium(II) chloride,氯化鈀(II)
7647-14-5,Sodium chloride,氯化鈉 (食鹽)
7647-78-8,Tin (IV) chloride,氯化錫 (四氯化錫)
765-03-7,1-Dodecyne,1-十二炔
765-10-6,1-Tetradecyne,1-十四炔
765-13-9,1-Pentadecyne,1-十五炔
7664-38-2,Phosphoric acid,磷酸
7664-41-7,Ammonia,氨 (氨水)
7664-93-9,Sulfuric acid,硫酸
767-00-0,4-Cyanophenol,4-氰基苯酚
768-60-5,4-Ethynylanisole,4-乙炔基苯甲醚
7681-11-0,Potassium iodide,碘化鉀
7681-38-1,Sodium hydrogen sulfate,硫酸氫鈉
7681-49-4,Sodium fluoride,氟化鈉
7681-52-9,Sodium hypochlorite,次氯酸鈉 (漂白水)
7681-57-4,Sodium metabisulfite,偏亞硫酸氫鈉 (焦亞硫酸鈉)
7681-57-4,Sodium metabisulfite,偏亞硫酸氫鈉
7681-65-4,Copper(I) iodide (CuI),碘化亞銅
7681-65-4,Copper(I) iodide,碘化亞銅
7681-82-5,Sodium iodide,碘化鈉
7681-82-5,Sodium iodide (Anhydrous),碘化鈉 (無水)
7681-82-5,Sodium iodide anhydrous,碘化鈉 (無水)
7697-37-2,Nitric acid,硝酸
7699-45-8,Zinc bromide,溴化鋅
77-09-8,Phenolphthalein,酚酞
77-48-5,"1,3-Dibromo-5,5-dimethylhydantoin","1,3-二溴-5,5-二甲基海因"
77-54-3,Cedryl acetate,乙酸柏木酯
77-58-7,Di-n-butyltin dilaurate,二月桂酸二丁基錫
77-75-8,3-Methyl-1-pentyn-3-ol,3-甲基-1-戊炔-3-醇
77-92-9,Citric acid,檸檬酸
770-10-5,Benzyltrichlorosilane,苄基三氯矽烷
7704-34-9,Sulfur powder,硫粉
7704-34-9,Sulfur,硫磺 (硫粉)
7704-34-9,Sulfur,硫 (硫磺)
7705-08-0,Iron(III) chloride (anhydrous),氯化鐵(III) (無水)
7705-08-0,"Ferric chloride, anhydrous",氯化鐵 (無水)
771-97-1,"2,3-Diaminonaphthalene","2,3-二胺基萘"
7719-09-7,Thionyl chloride,亞硫醯氯 (二氯亞碸)
7719-12-2,Phosphorus trichloride,三氯化磷
7722-64-7,Potassium permanganate,過錳酸鉀
7722-64-7,Potassium permanganate,高錳酸鉀
7722-64-7,Potassium permanganate,過錳酸鉀 (高錳酸鉀)
7722-84-1,Hydrogen peroxide,過氧化氫 (雙氧水)
7726-95-6,Bromine,溴 (液溴)
7727-21-1,Potassium persulfate,過硫酸鉀
7727-54-0,Ammonium persulfate (APS),過硫酸銨 (APS)
7735-42-4,"1,16-Hexadecanediol","1,16-十六烷二醇"
7757-79-1,Potassium nitrate,硝酸鉀
7757-82-6,Sodium sulfate,硫酸鈉
7757-83-7,Sodium sulfite,亞硫酸鈉
7758-01-2,Potassium bromate,溴酸鉀
7758-02-3,Potassium bromide,溴化鉀
7758-05-6,Potassium iodate,碘酸鉀
7758-19-2,Sodium chlorite,亞氯酸鈉
7758-89-6,Copper(I) chloride,氯化亞銅
7758-95-4,Lead(II) chloride,氯化鉛
7758-98-7,Copper(II) sulfate (anhydrous),硫酸銅 (無水)
7758-98-7,Copper sulfate,硫酸銅
7761-88-8,Silver nitrate,硝酸銀
77657-78-4,"(2E,4Z)-Undeca-2,4-dien-1-ol","(2E,4Z)-十一-2,4-二烯-1-醇"
7766-50-9,11-Bromo-1-undecene,11-溴-1-十一烯
7770-45-8,4-Hydroxy-1-naphthaldehyde,4-羥基-1-萘甲醛
7772-98-7,Sodium thiosulfate,硫代硫酸鈉 (海波)
7772-99-8,Tin(II) chloride,氯化錫(II)
7772-99-8,Tin(II) chloride,氯化亞錫 (氯化錫(II))
7778-18-9,Calcium sulfate (Drierite),硫酸鈣 (乾燥劑)
7778-53-2,Potassium phosphate tribasic,磷酸鉀 (三鉀)
7778-77-0,Potassium dihydrogen phosphate,磷酸二氫鉀
7778-77-0,Potassium phosphate monobasic,磷酸二氫鉀 (磷酸一鉀)
7778-80-5,Potassium sulfate,硫酸鉀
7782-42-5,"Graphite, amorphous",無定形石墨
7782-42-5,Graphite powder,石墨粉
7782-42-5,Graphite,石墨
7782-68-5,Iodic acid,碘酸
7782-89-0,Lithium amide,胺基鋰
7782-92-5,Sodium amide,胺基鈉
7783-03-1,Tungstic acid,鎢酸
7783-90-6,Silver chloride,氯化銀
7783-96-2,Silver iodide,碘化銀
7784-27-2,Aluminum nitrate enneahydrate,硝酸鋁九水合物
7785-23-1,Silver bromide,溴化銀
7785-26-4,(-)-alpha-Pinene,(-)-α-蒎烯
7787-70-4,Copper(I) bromide,溴化亞銅
7789-17-5,Cesium iodide,碘化銫
7789-20-0,Deuterium oxide,氧化氘 (重水)
7789-20-0,Deuterium oxide (Heavy water),氧化氘 (重水)
7789-23-3,Potassium fluoride,氟化鉀
7789-45-9,Copper(II) bromide,溴化銅
7789-45-9,Copper dibromide,溴化銅
7789-60-8,Phosphorus tribromide,三溴化磷
7789-78-8,Calcium hydride,氫化鈣
7790-28-5,Sodium periodate,過碘酸鈉
7790-62-7,Potassium disulfate (Potassium pyrosulfate),焦硫酸鉀
7790-94-5,Chlorosulphonic acid,氯磺酸
7790-99-0,Iodine monochloride,一氯化碘
7791-20-0,Nickel(II) chloride hexahydrate,氯化鎳(II)六水合物
7791-25-5,Sulfuryl chloride,硫醯氯
78-10-4,Tetraethyl orthosilicate,正矽酸四乙酯 (TEOS)
78-39-7,Triethyl orthoacetate,原乙酸三乙酯
78-40-0,Triethyl phosphate,磷酸三乙酯
78-67-1,"AIBN (2,2'-Azobisisobutyronitrile)",偶氮二異丁腈
78-67-1,Azobisisobutyronitrile (AIBN),偶氮二異丁腈 (AIBN)
78-67-1,Azodiisobutyronitrile,偶氮二異丁腈 (AIBN)
78-77-3,1-Bromo-2-methylpropane,1-溴-2-甲基丙烷
78-79-5,Isoprene,異戊二烯
78-93-3,Methyl ethyl ketone (MEK),甲乙酮 (MEK)
78-93-3,Methyl ethyl ketone,甲乙酮 (2-丁酮)
7803-55-6,Ammonium metavanadate,偏釩酸銨
7803-57-8,Hydrazine monohydrate,水合聯氨 (水合肼)
7803-57-8,Hydrazine monohydrate,水合聯氨
78560-44-8,"1H,1H,2H,2H-Perfluorodecyltrichlorosilane","(1H,1H,2H,2H-全氟癸基)三氯矽烷"
78560-45-9,"Trichloro(1H,1H,2H,2H-perfluorooctyl)silane","(1H,1H,2H,2H-全氟辛基)三氯矽烷"
79-04-9,Chloroacetyl chloride,氯乙醯氯
79-10-7,Acrylic acid,丙烯酸
79-14-1,Hydroxyacetic acid,羥基乙酸 (乙醇酸)
79-20-9,Methyl acetate,醋酸甲酯
79-30-1,Isobutyryl chloride,異丁醯氯
79-37-8,Oxalyl chloride,草醯氯
79-43-6,Dichloroacetic acid,二氯乙酸
79-46-9,2-Nitropropane,2-硝基丙烷
79887-09-5,1-Butyl-4-ethynylbenzene,1-丁基-4-乙炔基苯
80-11-5,N-Methyl-N-(p-tolylsulfonyl)nitrosamide,N-甲基-N-亞硝基對甲苯磺醯胺 (Diazald)
8000-28-0,Lavender oil,薰衣草油
8006-90-4,Peppermint oil,薄荷油
8007-02-1,Lemongrass oil,檸檬草油
8017-16-1,Polyphosphoric acid,多磷酸
8042-47-5,Mineral oil,礦物油
81-30-1,"1,4,5,8-Naphthalenetetracarboxylic dianhydride","1,4,5,8-萘四甲酸二酐"
81-64-1,Quinizarin,"奎茜 (1,4-二羥基蒽醌)"
81-84-5,"1,8-Naphthalic anhydride","1,8-萘二甲酸酐"
811-98-3,Methanol-d4,甲醇-d4
811-98-3,Methanol-d4,甲醇-d4 (氘代甲醇)
81290-20-2,Trifluoromethyltrimethylsilane (Ruppert-Prakash reagent),三氟甲基三甲基矽烷
81290-20-2,Trifluoromethyltrimethylsilane,三氟甲基三甲基矽烷
813-19-4,Hexabutyldistannane,六丁基二錫
813-19-4,Hexa-n-butylditin,六正丁基二錫
814-49-3,Diethyl chlorophosphate,氯磷酸二乙酯
814-68-6,Acrylyl chloride,丙烯醯氯
82-05-3,Benzanthrone,苯并蒽酮
82-43-9,"1,8-Dichloroanthraquinone","1,8-二氯蒽醌"
82-45-1,1-Aminoanthraquinone,1-胺基蒽醌
82-46-2,"1,5-Dichloroanthraquinone","1,5-二氯蒽醌"
821-09-0,4-Penten-1-ol,4-戊烯-1-醇
821-10-3,"1,4-Dichloro-2-butyne","1,4-二氯-2-丁炔"
821-38-5,Tetradecanedioic acid,十四烷二酸
821-41-0,5-Hexen-1-ol,5-己烯-1-醇
822-21-9,7-Hexadecyn-1-ol,7-十六炔-1-醇
822-38-8,N-Methyliminodiacetic acid,N-甲基亞胺二醋酸
822-38-8,"1,3-Dithiolane-2-thione","1,3-二硫雜環戊烷-2-硫酮"
822-39-9,"2-Chloro-1,3,2-dioxaphospholane","2-氯-1,3,2-二氧磷雜環戊烷"
823-40-5,"2,6-Diaminotoluene","2,6-二胺基甲苯"
823-85-8,4-Fluorophenylhydrazine hydrochloride,4-氟苯肼鹽酸鹽
824-92-4,4-Methoxybenzyl chloride,4-甲氧基苄基氯
824-94-2,4-Methoxybenzyl chloride,4-甲氧基苄基氯
824-94-2,4-Methoxybenzyl chloride,4-甲氧基氯化苄
826-81-3,8-Hydroxyquinaldine,8-羥基-2-甲基喹啉
827-15-6,Pentafluoroiodobenzene,五氟碘苯
827-15-6,Iodopentafluorobenzene,五氟碘苯
83-73-8,"5,7-Diiodo-8-hydroxyquinoline","5,7-二碘-8-羥基喹啉"
830-81-9,alpha-Naphthyl acetate,乙酸-α-萘酯
837-97-8,3-(Pyridin-2-yl)-2H-chromen-2-one,3-(2-吡啶基)香豆素
84-11-7,"Phenanthrene-9,10-quinone","9,10-菲醌"
84-15-1,o-Terphenyl,鄰-三聯苯
84-58-2,"2,3-Dichloro-5,6-dicyano-1,4-benzoquinone (DDQ)","2,3-二氯-5,6-二氰基對苯醌 (DDQ)"
84-58-2,DDQ,"2,3-二氯-5,6-二氰基-1,4-苯醌"
84-65-1,Anthraquinone,蒽醌
84-88-8,8-Hydroxyquinoline-5-sulfonic acid,8-羥基喹啉-5-磺酸
84392-17-6,4'-(Trifluoromethyl)-2-biphenylcarboxylic acid,4'-(三氟甲基)-2-聯苯甲酸
84787-70-2,Sandalwood oil,檀香油
849062-34-6,"2-Bromo-4,5-difluorophenylboronic acid","2-溴-4,5-二氟苯硼酸"
85-01-8,Phenanthrene,菲
85-44-9,Phthalic anhydride,鄰苯二甲酸酐
85-52-9,2-Benzoylbenzoic acid,2-苯甲醯基苯甲酸
850881-09-3,3-Hexylthiophene-2-boronic acid pinacol ester,3-己基-2-噻吩硼酸頻那醇酯
86-48-6,1-Hydroxy-2-naphthoic acid,1-羥基-2-萘甲酸
86-55-5,1-Naphthoic acid,1-萘甲酸
86-73-7,Fluorene,芴
86-74-8,Carbazole,咔唑
86-87-3,1-Naphthylacetic acid,1-萘乙酸
86-90-8,4-Bromophthalic anhydride,4-溴鄰苯二甲酸酐
86-90-8,Benzophenone,二苯甲酮
862248-93-9,"3,4,5-Trichlorophenylboronic acid","3,4,5-三氯苯硼酸"
865-47-4,Potassium tert-butoxide,三級丁醇鉀 (叔丁醇鉀)
865-47-4,Potassium tert-butoxide,三級丁醇鉀
865-48-5,Sodium tert-butoxide,三級丁醇鈉 (叔丁醇鈉)
865-49-6,Hydrazine Monohydrate (Note: CAS 865-49-6 is typically Chloroform-d),水合聯氨 (註：此 CAS 通常指氘代氯仿)
865-49-6,Chloroform-d,氘代氯仿
865-49-6,Chloroform-d,氯仿-d (氘代氯仿)
867-13-0,Triethyl phosphonoacetate,膦酸乙酸三乙酯
867-13-0,Triethyl phosphonoacetate,膦醯基乙酸三乙酯
868-77-9,2-Hydroxyethyl methacrylate,甲基丙烯酸-2-羥乙酯 (HEMA)
868-85-9,Dimethyl phosphonate,亞磷酸二甲酯
87-25-2,Ethyl anthranilate,鄰胺基苯甲酸乙酯
87-59-2,"2,3-Xylidine","2,3-二甲基苯胺"
871-70-5,"1,18-Octadecanedioic Acid",十八烷二酸
871-91-0,7-Octyn-1-ol,7-辛炔-1-醇
87199-17-5,4-Formylphenylboronic acid,4-甲醛基苯硼酸
872-05-9,1-Decene,1-癸烯
872-10-6,n-Amyl sulfide,二戊基硫醚 (二正戊硫醚)
872-31-1,3-Bromothiophene,3-溴噻吩
872-36-6,Vinylene carbonate,碳酸亞乙烯酯
872-50-4,N-Methyl-2-pyrrolidone (NMP),N-甲基-2-吡咯烷酮 (NMP)
872-50-4,N-Methylpyrrolidinone,N-甲基吡咯烷酮 (NMP)
873-74-5,4-Aminobenzonitrile,4-胺基苯甲腈
87749-50-6,Tetrabutylammonium fluoride trihydrate (TBAF),四丁基氟化銨三水合物 (TBAF)
87749-50-6,Tetrabutylammonium fluoride trihydrate,四丁基氟化銨三水合物
87890-91-3,Lithium carbonate,碳酸鋰
879-05-0,Pentafluorophenylmagnesium bromide,五氟苯基溴化鎂
879643-71-7,Formamidinium iodide (FAI),甲脒碘化銨 (FAI)
88-15-3,2-Acetylthiophene,2-乙醯基噻吩
88-21-1,2-Aminobenzene sulfonic acid,2-胺基苯磺酸
88-65-3,2-Bromobenzoic acid,2-溴苯甲酸
88-67-5,2-Iodobenzoic acid,2-碘苯甲酸
88-74-4,2-Nitroaniline,2-硝基苯胺
88-95-9,Phthaloyl dichloride,鄰苯二甲醯氯
88537-32-0,"4H-Dithieno[3,2-b:2',3'-d]pyrrole","4H-二噻吩并[3,2-b:2',3'-d]吡咯"
89-01-0,"2,3-Pyrazinedicarboxylic acid","2,3-吡嗪二羧酸"
89-25-8,3-Methyl-1-phenyl-5-pyrazolone,3-甲基-1-苯基-5-吡唑酮
89-32-7,Pyromellitic dianhydride (PMDA),均苯四甲酸二酐 (PMDA)
89-98-5,2-Chlorobenzaldehyde,2-氯苯甲醛
89598-96-9,3-Bromophenylboronic acid,3-溴苯硼酸
90-04-0,o-Anisidine,鄰甲氧基苯胺 (鄰茴香胺)
90-05-1,2-Methoxyphenol,2-甲氧基苯酚
90-11-9,1-Bromonaphthalene,1-溴萘
90-14-2,1-Iodonaphthalene,1-碘萘
90-15-3,1-Naphthol,1-萘酚
90-30-2,N-Phenyl-1-naphthylamine,N-苯基-1-萘胺
90-41-5,2-Aminobiphenyl,2-胺基聯苯
90-44-8,Anthrone,蒽酮
90-47-1,Xanthone,氧雜蒽酮 (二苯并吡喃酮)
90-90-4,4-Bromobenzophenone,4-溴二苯甲酮
90-96-0,"4,4'-Dimethoxybenzophenone","4,4'-二甲氧基二苯甲酮"
9002-83-9,Halocarbon Oil 700,氟碳油 700 (三氟氯乙烯聚合物)
9002-88-4,Poly(ethylene),聚乙烯
9002-89-5,Poly(vinyl alcohol),聚乙烯醇 (PVA)
9002-97-5,Poly(sodium vinylsulfonate),聚乙烯磺酸鈉
9003-11-6,Poloxamer (Polyethylene-polypropylene glycol),泊洛沙姆 (聚氧乙烯聚氧丙烯共聚物)
9003-39-8,Polyvinylpyrrolidone (PVP),"聚維酮 (PVP, 聚乙烯吡咯烷酮)"
90076-65-6,Bis(trifluoromethane)sulfonimide lithium salt,雙(三氟甲磺醯)亞胺鋰 (LiTFSI)
90076-65-6,Bis(trifluoromethane)sulfonimide lithium salt,雙(三氟甲磺醯)亞胺鋰
90076-65-6,Bis(trifluoromethane)sulfonimide lithium salt,雙(三氟甲烷磺醯)亞胺鋰 (Li-TFSI)
9011-14-7,Poly(methyl methacrylate) (PMMA),聚甲基丙烯酸甲酯 (PMMA)
9011-14-7,Poly(methyl methacrylate),聚甲基丙烯酸甲酯 (PMMA)
9037-24-5,Ion-exchange resin,離子交換樹脂
906372-08-5,"4,4-Dihexyl-4H-silolo[3,2-b:4,5-b']dithiophene (DTS)","4,4-二己基-4H-矽雜環戊二烯并[3,2-b:4,5-b']二噻吩 (DTS)"
91-13-4,"alpha,alpha'-Dibromo-o-xylene","α,α'-二溴鄰二甲苯"
91-16-7,"1,2-Dimethoxybenzene (Veratrole)","1,2-二甲氧基苯"
91-16-7,"1,2-Dimethoxybenzene","1,2-二甲氧基苯"
91-20-3,Naphthalene,萘
91-22-5,Quinoline,喹啉
91-40-7,N-Phenylanthranilic acid,N-苯基鄰胺基苯甲酸
91-44-1,7-Diethylamino-4-methylcoumarin,7-二乙胺基-4-甲基香豆素
91-58-7,2-Chloronaphthalene,2-氯萘
91-66-7,"N,N-Diethylaniline","N,N-二乙基苯胺"
91-95-2,"3,3'-Diaminobenzidine (DAB)","3,3'-二胺基聯苯胺 (DAB)"
917-23-7,"5,10,15,20-Tetraphenyl-21H,23H-porphine (TPP)","5,10,15,20-四苯基卟啉 (TPP)"
917-54-4,Methyllithium,甲基鋰
919-30-2,3-Aminopropyltriethoxysilane,3-胺基丙基三乙氧基矽烷 (APTES)
92-44-4,"2,3-Dihydroxynaphthalene","2,3-二羥基萘"
92-51-3,Bicyclohexyl,聯環己烷
92-52-4,Biphenyl,聯苯
92-69-3,4-Phenylphenol,4-苯基苯酚
92-82-0,Phenazine,吩嗪
92-84-2,Phenothiazine,吩噻嗪
92-86-4,"4,4'-Dibromobiphenyl","4,4'-二溴聯苯"
92-92-2,Biphenyl-4-carboxylic acid,4-聯苯甲酸
92-94-4,p-Terphenyl,對-三聯苯
92-94-4,p-Terphenyl,對三聯苯
920-39-8,Isopropylmagnesium bromide,異丙基溴化鎂
920-66-1,"1,1,1,3,3,3-Hexafluoro-2-propanol","1,1,1,3,3,3-六氟-2-丙醇 (HFIP)"
922-67-8,Methyl propiolate,丙炔酸甲酯
927-58-2,4-Bromobutyryl chloride,4-溴丁醯氯
927-74-2,3-Butyn-1-ol,3-丁炔-1-醇
928-65-4,Hexyltrichlorosilane,己基三氯矽烷
928-80-3,3-Decanone,3-癸酮
928-89-2,6-Chloro-1-hexene,6-氯-1-己烯
928-90-5,5-Hexyn-1-ol,5-己炔-1-醇
928-94-9,cis-2-Hexenol,順-2-己烯醇
928-95-0,trans-2-Hexen-1-ol,反式-2-己烯-1-醇
93-02-7,"2,5-Dimethoxybenzaldehyde","2,5-二甲氧基苯甲醛"
93-05-0,4-(Diethylamino)aniline,4-(二乙胺基)苯胺
93-07-2,"Veratric acid (3,4-Dimethoxybenzoic acid)","藜蘆酸 (3,4-二甲氧基苯甲酸)"
93-07-2,Veratric acid,藜蘆酸
93-08-3,2-Acetonaphthone,2-乙醯萘
93-52-7,"(1,2-Dibromoethyl)benzene","(1,2-二溴乙基)苯"
93-58-3,Methyl benzoate,苯甲酸甲酯
93-61-8,N-Methylformanilide,N-甲基甲醯苯胺
930-30-3,2-Cyclopenten-1-one,2-環戊烯-1-酮
931-87-3,cis-Cyclooctene,順-環辛烯
932-95-6,"2,5-Thiophenedicarboxaldehyde","2,5-噻吩二甲醛"
93324-65-3,1-Pyrenemethylamine hydrochloride,1-芘甲胺鹽酸鹽
937-14-4,3-Chloroperbenzoic acid (mCPBA),3-氯過氧苯甲酸 (mCPBA)
94-09-7,Ethyl 4-aminobenzoate (Benzocaine),4-胺基苯甲酸乙酯 (苯佐卡因)
94-36-0,Benzoyl peroxide (BPO),過氧化苯甲醯 (BPO)
94-36-0,Benzoyl peroxide,過氧化苯甲醯 (BPO)
941-55-9,p-Toluenesulfonyl azide,對甲苯磺醯疊氮
941-69-5,N-Phenylmaleimide,N-苯基馬來醯亞胺
941689-36-7,"N-alpha,N-alpha-Bis(carboxymethyl)-L-lysine","Nα,Nα-雙(羧甲基)-L-賴胺酸"
942-06-3,"4,5-Dichlorophthalic anhydride","4,5-二氯鄰苯二甲酸酐"
95-14-7,"1,2,3-Benzotriazole","1,2,3-苯并三唑"
95-15-8,Benzo[b]thiophene,苯并[b]噻吩
95-20-5,2-Methylindole,2-甲基吲哚
95-46-5,2-Bromotoluene,2-溴甲苯
95-47-6,o-Xylene,鄰二甲苯
95-50-1,o-Dichlorobenzene,鄰二氯苯
95-53-4,o-Toluidine,鄰-甲苯胺
95-54-5,o-Phenylenediamine,鄰苯二胺
95-55-6,2-Aminophenol,2-胺基苯酚
95-56-7,2-Bromophenol,2-溴苯酚
95-63-6,"1,2,4-Trimethylbenzene","1,2,4-三甲苯"
95-65-8,"3,4-Dimethylphenol","3,4-二甲基苯酚"
95-87-4,"2,5-Xylenol","2,5-二甲基苯酚"
95464-05-4,"[1,1'-Bis(diphenylphosphino)ferrocene]dichloropalladium(II), complex with dichloromethane","[1,1'-雙(二苯基膦)二鐵]二氯鈀二氯甲烷錯合物"
96-48-0,gamma-Butyrolactone,γ-丁內酯
96-54-8,N-Methylpyrrole,N-甲基吡咯
978-86-9,4-Tritylphenol,4-三苯甲基苯酚
98-03-3,Thiophene-2-carboxaldehyde,2-噻吩甲醛
98-13-5,Phenyltrichlorosilane,苯基三氯矽烷
98-57-7,4-Chlorophenyl methyl sulfone,4-氯苯基甲基碸
98-59-9,p-Toluenesulfonyl chloride (Tosyl chloride),對甲苯磺醯氯
98-59-9,p-Toluenesulfonyl chloride,對甲苯磺醯氯
98-74-8,4-Nitrobenzenesulfonyl chloride,4-硝基苯磺醯氯
98-80-6,Phenylboronic acid,苯硼酸
98-86-2,Acetophenone,苯乙酮
98-87-3,Benzal chloride,亞苄基二氯 (二氯甲基苯)
98-88-4,Benzoyl chloride,苯甲醯氯
98-91-9,Thiobenzoic acid,硫代苯甲酸
98-95-3,Nitrobenzene,硝基苯
98-97-5,Pyrazinecarboxylic acid,吡嗪甲酸
98-98-6,2-Picolinic acid,2-吡啶甲酸
98057-08-0,"5,5''-Dibromo-2,2':5',2''-terthiophene","5,5''-二溴-2,2':5',2''-三噻吩"
98327-87-8,"(±)-2,2'-Bis(diphenylphosphino)-1,1'-binaphthalene (BINAP)","(±)-2,2'-雙(二苯基膦)-1,1'-聯萘 (BINAP)"
98327-87-8,"2,2'-Bis(diphenylphosphino)-1,1'-binaphthyl (BINAP)","2,2'-雙(二苯基膦)-1,1'-聯萘 (BINAP)"
98327-87-8,"(±)-2,2'-Bis(diphenylphosphino)-1,1'-binaphthyl (BINAP)","2,2'-雙(二苯基膦)-1,1'-聯萘 (BINAP)"
98433-41-1,6-(Methylthio)-1-hexanol,6-(甲硫基)-1-己醇
98437-23-1,Thianaphthene-2-boronic acid (Benzo[b]thiophene-2-boronic acid),苯并[b]噻吩-2-硼酸
98546-51-1,4-(Methylthio)phenylboronic acid,4-(甲硫基)苯硼酸
99-06-9,3-Hydroxybenzoic acid,3-羥基苯甲酸
99-10-5,"3,5-Dihydroxybenzoic Acid","3,5-二羥基苯甲酸"
99-27-4,Dimethyl 5-aminoisophthalate,5-胺基間苯二甲酸二甲酯
99-86-5,alpha-Terpinene,α-萜品烯
99-90-1,4-Bromoacetophenone,4-溴苯乙酮
99-96-7,4-Hydroxybenzoic acid,4-羥基苯甲酸
99-98-9,"N,N-Dimethyl-1,4-phenylenediamine","N,N-二甲基-1,4-苯二胺"
99-99-0,p-Nitrotoluene,對硝基甲苯
99685-96-8,Fullerene-C60,富勒烯 C60 (碳60)
99770-93-1,"1,4-Phenylenediboronic acid, bis(pinacol) ester","1,4-苯二硼酸雙(頻那醇)酯"
998-40-3,Tributylphosphine,三丁基膦
999-97-3,"1,1,1,3,3,3-Hexamethyldisilazane (HMDS)",六甲基二矽氮烷 (HMDS)
999-97-3,Hexamethyldisilazane (HMDS),六甲基二矽氮烷 (HMDS)
999-97-3,Hexamethyldisilazane,六甲基二矽氮烷 (HMDS)